Ticker,Dividends_2021,Dividends_2022,Dividends_2023,Dividends_2024
0001.HK,2.5,2.7,2.8419999999999996,2.463
0002.HK,3.1,3.1,3.1,3.1
0003.HK,0.35,0.35,0.35,0.35
0004.HK,0.4,0.6000000000000001,0.4,0.4
0005.HK,1.710431,2.118041,4.1510940000000005,3.207043
0006.HK,2.8200000000000003,2.8200000000000003,3.6,2.8200000000000003
0007.HK,0.0,0.0,0.0,0.0
0008.HK,0.3236,0.3725,0.3825,0.3825
0009.HK,0.0,0.0,0.0,0.0
0010.HK,0.84,0.86,0.86,0.86
0011.HK,6.1,3.9,5.300000000000001,6.8
0012.HK,1.8,1.8,1.8,1.8
0013.HK,0.0,0.0,0.0,0.0
0014.HK,1.44,1.44,1.44,1.08
0016.HK,4.95,4.95,4.95,3.75
0017.HK,2.06,2.06,2.0500000000000003,0.2
0018.HK,0.08,0.06,0.0,0.04
0019.HK,2.0,2.75,11.169999999999998,3.25
0020.HK,0.0,0.0,0.0,0.0
0021.HK,0.0,0.0,0.0,0.0
0022.HK,0.0,0.0,0.0,0.0
0023.HK,0.59,0.99,0.53,0.49
0025.HK,0.54,0.44999999999999996,0.34,0.22000000000000003
0026.HK,0.4,2.1,0.5,0.5
0027.HK,0.0,0.3,0.2,0.8
0028.HK,0.2,0.2,0.25,0.2
0029.HK,0.02,0.01,0.01,0.01
0030.HK,0.0,0.0,0.0,0.0
0031.HK,0.02,0.025,0.02,0.0
0032.HK,0.48,0.42,0.42,0.42
0033.HK,0.0,0.0,0.0,0.0
0034.HK,0.7296480000000001,0.747664,0.747664,0.1
0035.HK,0.17272800000000002,0.24,0.14,0.11
0036.HK,0.0,0.0,0.0,0.0
0037.HK,0.0,0.0,0.0,0.0
0038.HK,0.08932,0.143815,0.258,0.35199
0039.HK,0.0,0.0,0.0,0.0
0040.HK,0.0,0.0,0.0,0.025
0041.HK,0.8300000000000001,0.8300000000000001,0.87,0.87
0042.HK,0.0,0.0,0.0,0.0
0045.HK,0.0,0.0,0.0,0.08
0046.HK,0.18,0.175,0.13,0.11
0048.HK,0.0,0.0,0.0,0.0
0050.HK,0.25,0.25,1.1,0.25
0051.HK,0.07,0.0,0.0,0.0
0052.HK,0.85,0.5800000000000001,0.16,0.35
0053.HK,2.0,2.0,3.0,3.2
0055.HK,0.0,0.0,0.0,0.0
0057.HK,0.167,0.161,0.103,0.088
0058.HK,0.0,0.0,0.0,0.0
0059.HK,0.03,0.0,0.0,0.0
0060.HK,0.0,0.0,0.0,0.0
0061.HK,0.0,0.0,0.0,0.0
0062.HK,0.5,0.5,0.8,0.5
0063.HK,0.0,0.0,0.0,0.0
0064.HK,0.01,0.01,0.01,0.005
0065.HK,0.0,0.0,0.0,0.0
0066.HK,1.23,1.44,1.31,1.31
0069.HK,0.0,0.0,0.0,0.2
0070.HK,0.0,0.0,0.0,0.0
0071.HK,0.48000000000000004,0.47,0.52,0.53
0072.HK,0.0,0.0,0.0,0.0
0073.HK,0.0,0.0,0.0,0.0
0075.HK,0.0,0.0,0.0,0.0
0076.HK,0.0,0.0,0.0,0.0
0077.HK,0.07,0.03,0.09,0.04
0078.HK,0.0,0.0,0.0,0.0
0079.HK,0.0,0.0,0.0,0.0
0081.HK,0.35500000000000004,0.36,0.2,0.14
0082.HK,0.0,0.0,0.0,0.0
0083.HK,0.42000000000000004,0.57,0.58,0.58
0084.HK,0.0,0.0,0.0,0.0
0085.HK,0.0,0.019,0.08,0.105
0086.HK,0.26,0.26,0.26,0.26
0087.HK,0.4,0.55,2.234,0.65
0088.HK,0.24,0.24,0.24,0.24
0089.HK,0.22,0.26,0.12,0.1
0090.HK,0.1,0.056,0.0,0.0
0092.HK,0.0,0.0,0.0,0.0
0093.HK,0.0,0.0,0.0,0.0
0094.HK,0.0,0.0,0.0,0.0
0095.HK,0.0,0.0,0.0,0.0
0096.HK,0.0298933,0.0152,0.01427,0.01426
0097.HK,0.02,0.02,0.01,0.0
0098.HK,0.36,1.66728,0.37,0.64
0099.HK,0.035,0.045,0.075,0.057499999999999996
0101.HK,0.77,0.78,0.78,0.72
0102.HK,0.0,0.0,0.0,0.0
0103.HK,0.015,0.015,0.0073,0.01
0104.HK,0.0536,0.0536,0.0469,0.0348
0105.HK,0.38,0.32,0.39,0.41000000000000003
0106.HK,0.03,0.0,0.0,0.0
0107.HK,0.096537,0.128899,0.111195,0.263499
0108.HK,0.0,0.0,0.0,0.0
0110.HK,0.0,0.0,0.0,0.0
0111.HK,0.03,0.02,0.0,0.0
0113.HK,0.27,0.35000000000000003,0.35000000000000003,0.44999999999999996
0114.HK,0.09,0.06,0.06,0.06
0115.HK,0.0,0.0,0.0,0.0
0116.HK,0.30000000000000004,0.43000000000000005,0.35,0.55
0117.HK,0.0,0.0,0.0,0.0
0118.HK,0.0,0.0,0.0,0.0
0119.HK,0.128,0.135,0.048,0.083
0120.HK,0.0,0.0,0.0,0.0
0122.HK,0.0,0.0,0.0,0.0
0123.HK,0.610684,0.6164000000000001,0.539,0.33699999999999997
0124.HK,0.0153,0.13,0.11,0.0
0125.HK,0.03,0.03,0.03,0.015
0126.HK,0.03,0.01,0.0,0.0
0127.HK,0.01,0.0,0.0,0.0
0128.HK,0.0,0.0,0.0,0.0
0129.HK,0.03,0.0,0.0,0.0
0130.HK,0.0,0.0,0.0,0.0
0131.HK,0.05,0.035,0.0475,0.0625
0132.HK,0.0,0.0,0.0,0.0042
0135.HK,2.553,0.2522,0.2871,0.4817
0136.HK,0.0,0.0,0.0,0.0
0137.HK,0.0,0.06,0.02,0.0
0138.HK,0.0,0.0,0.0,0.0
0139.HK,0.0,0.0,0.0,0.0
0142.HK,0.1995,0.20500000000000002,0.22,0.245
0144.HK,0.73,0.94,0.82,0.73
0145.HK,0.0,0.0,0.0,0.0
0146.HK,0.03,0.06,0.09,0.12
0147.HK,0.0,0.0,0.0,0.0
0148.HK,1.56,2.7399999999999998,1.25,0.76
0149.HK,0.0,0.0,0.0,0.0
0150.HK,0.0,0.0,0.0,0.01242
0151.HK,0.17830000000000001,0.3197,0.1645,0.2573
0152.HK,0.122,0.703,0.257,0.4
0154.HK,0.0,0.0,0.0,0.0
0156.HK,0.05500000000000001,0.08,0.0,0.0
0157.HK,0.003,0.003,0.0,0.0
0158.HK,7.3999999999999995,5.4,3.6,3.6
0159.HK,0.0,0.0,0.0,0.0
0160.HK,0.125,0.125,0.125,0.0625
0162.HK,0.0,0.0,0.0,0.0
0163.HK,0.037,0.021,0.006,0.003
0164.HK,0.0,0.0,0.0,0.0
0165.HK,0.63,0.44999999999999996,0.3,0.15000000000000002
0166.HK,0.0,0.0,0.0,0.0
0167.HK,0.0,0.0,0.0,0.0
0168.HK,0.9,1.288,1.09205,2.19
0169.HK,0.0,0.0,0.0,0.0
0171.HK,0.0,0.0,0.0,0.0
0173.HK,0.21000000000000002,0.21000000000000002,0.21000000000000002,0.13
0174.HK,0.0,0.0,0.0,0.0
0175.HK,0.2,0.21,0.21,0.22
0176.HK,0.0,0.0,0.0,0.0
0177.HK,0.5579,0.5369,0.5042,0.5153
0178.HK,0.0,0.0,0.0,0.0575
0179.HK,0.51,0.34,0.51,0.61
0180.HK,0.0,0.0,0.0,0.0
0181.HK,0.0,0.0,0.0,0.0
0182.HK,0.03,0.03,0.035,0.035
0183.HK,0.0,0.0,0.0,0.0
0184.HK,0.0,0.04,0.08,0.13
0185.HK,0.098,0.0,0.0,0.0
0186.HK,0.0,0.0,0.0,0.0
0187.HK,0.0,0.0,0.0,0.0
0188.HK,0.03,0.02,0.02,0.02
0189.HK,0.14,0.34,0.6,0.1
0191.HK,0.0,0.0,0.0,0.0
0193.HK,0.0,0.0,0.0,0.0
0194.HK,0.43,0.46,0.31,0.28
0195.HK,0.0,0.0,0.0,0.0
0196.HK,0.0,0.0,0.0,0.0
0197.HK,0.0,0.0,0.0,0.0
0199.HK,0.1,0.05,0.0,0.0
0200.HK,0.0,0.0,0.0,0.0
0201.HK,0.0,0.0,0.0,0.0
0202.HK,0.0,0.0,0.0,0.0
0205.HK,0.0,0.0,0.0,0.0
0206.HK,0.0,0.0,0.0,0.0
0207.HK,0.03,0.0,0.012,0.0072
0209.HK,0.0,0.0,0.0,0.0
0210.HK,0.0,0.0,0.0,0.01
0211.HK,0.0,0.0,0.0,0.0
0212.HK,0.7,0.7,0.3,0.7
0213.HK,0.034999999999999996,0.034999999999999996,0.018,0.012
0214.HK,0.036,0.0,0.0,0.0
0215.HK,0.2501,0.0749,0.0749,0.0749
0216.HK,0.05,0.05,0.05,0.025
0217.HK,0.009,0.0054,0.0039,0.0034
0218.HK,0.04,0.0,0.0,0.0
0219.HK,0.0,0.0,0.0,0.0
0220.HK,0.4536,0.4896,0.3758,0.4663
0222.HK,0.1,0.12,0.12,0.09
0223.HK,0.0,0.0,0.0,0.0
0224.HK,0.0,0.03,0.015,0.0
0225.HK,0.38,0.38,0.38,0.38
0226.HK,0.07,0.04,0.0,0.0
0227.HK,0.0,0.0,0.0,0.0
0228.HK,0.0,0.0,0.0,0.0
0229.HK,0.06,0.06,0.07,0.1
0230.HK,0.01,0.01,0.0,0.0
0232.HK,0.0,0.0,0.0,0.005
0234.HK,0.0,0.0,0.0,0.0
0235.HK,0.0,0.0,0.0,0.0
0236.HK,0.0,0.0,0.01,0.05
0237.HK,0.09,0.08,0.055,0.075
0239.HK,0.066,0.040999999999999995,0.06,0.068
0240.HK,0.07,0.06,0.145,0.11
0241.HK,0.0,0.0,0.0,0.0
0242.HK,0.0,0.0,0.0,0.0
0243.HK,0.0,0.0,0.0,0.0
0244.HK,0.0,0.0,0.0,0.0
0245.HK,0.0,0.0,0.0,0.0
0247.HK,0.55,0.57,0.58,0.58
0248.HK,0.0,0.0,0.0,0.0
0251.HK,0.05,0.05,0.05,0.05
0252.HK,0.03,0.03,0.03,0.03
0253.HK,0.0,0.0,0.0,0.0
0254.HK,0.0,0.0,0.0,0.0
0255.HK,0.25,0.26,0.16,0.1
0256.HK,0.0,0.0,0.0,0.0
0257.HK,0.35,0.3,0.23,0.22000000000000003
0258.HK,0.11,0.055,0.085,0.1
0259.HK,0.02,0.25,0.05,0.05
0261.HK,0.0,0.0,0.0,0.0
0262.HK,0.0,0.0,0.0,0.0
0264.HK,0.0,0.0,0.0,0.0
0265.HK,0.0,0.0,0.0,0.0
0266.HK,0.16,0.12,0.15,0.16
0267.HK,0.792,0.656,0.647484,0.575237
0268.HK,0.0,0.0,0.0,0.0
0269.HK,0.0,0.0,0.0,0.0
0270.HK,0.5947,0.6125,0.6133,0.363
0271.HK,0.95,0.0,0.0,0.0
0272.HK,0.036,0.12,0.096,0.058
0274.HK,0.0,0.0,0.0,0.0
0276.HK,0.0,0.0,0.0,0.0
0277.HK,0.033,0.02,0.015,0.017
0279.HK,0.0,0.0,0.0,0.0
0280.HK,0.014,0.02,0.084,0.03
0285.HK,0.29291,0.1211,0.18208,0.5915
0286.HK,0.0,0.0,0.0,0.0
0287.HK,0.13999999999999999,0.13999999999999999,0.13999999999999999,0.13999999999999999
0288.HK,0.175,0.19,0.3,0.35
0289.HK,1.06,0.46,0.94,0.9199999999999999
0290.HK,0.0,0.0,0.0,0.0
0291.HK,0.475,0.625,0.651,0.7909999999999999
0293.HK,0.0,0.0,0.0,0.63
0294.HK,0.0,0.02,0.02,0.02
0295.HK,0.0,0.0,0.0,0.0
0296.HK,0.08,0.0,0.0,0.015
0297.HK,0.0327,0.0528,0.0623,0.0491
0298.HK,0.10500000000000001,0.12,0.0,0.0
0299.HK,0.0,0.0,0.0,0.0
0300.HK,0.0,0.0,0.0,0.0
0301.HK,0.027273,0.027273,0.0,0.0
0302.HK,0.0928,0.0,0.0,0.0
0303.HK,7.073462,5.3248169999999995,4.6105,5.0687549999999995
0305.HK,0.003,0.003,0.003,0.005
0306.HK,0.0,0.0,0.0,0.02
0308.HK,0.0,0.0,0.015,0.025
0309.HK,0.0,0.0,0.0,0.0
0311.HK,0.0,0.042499999999999996,0.021,0.0
0312.HK,0.0,0.0,0.0,0.0
0313.HK,0.0,0.0,0.0,0.0
0314.HK,0.0,0.0,0.0,0.0
0315.HK,0.3,0.3,0.31999999999999995,0.31999999999999995
0316.HK,20.483,47.112,20.592,6.045
0317.HK,0.200398,0.160089,0.022005,0.012082
0318.HK,0.0,0.0,0.0,0.0
0320.HK,0.0595,0.0475,0.021,0.05
0321.HK,0.18,0.30000000000000004,0.15000000000000002,0.03
0322.HK,0.96557,0.93623,0.25743,0.29765
0323.HK,0.156053,0.409934,0.02195,0.0
0325.HK,0.0,0.0,0.0,0.0
0326.HK,0.0,0.0,0.0,0.0
0327.HK,0.32,0.32,0.4,0.47
0328.HK,0.0,0.0,0.0,0.0
0329.HK,0.0,0.0,0.0,0.0
0330.HK,0.0,0.0,0.0,0.0
0331.HK,0.44999999999999996,0.44999999999999996,0.45799999999999996,0.438
0332.HK,0.0,0.0,0.0,0.0
0333.HK,0.0,0.0,0.0,0.0
0334.HK,0.0,0.0,0.0,0.0
0335.HK,0.01,0.02,0.02,0.02
0336.HK,0.154,0.0538,0.06999999999999999,0.011
0337.HK,0.3,0.3,0.0,0.0
0338.HK,0.121,0.1167,0.0,0.0
0340.HK,0.0,0.0,0.0,0.0
0341.HK,0.38,0.28,0.43000000000000005,0.57
0343.HK,0.0,0.0,0.0,0.0
0345.HK,0.29,0.013,0.042,0.10300000000000001
0346.HK,0.0,0.0,0.0,0.0
0347.HK,0.101,0.259,0.0076,0.0
0348.HK,0.0,0.0,0.0,0.0
0351.HK,0.0,0.0,0.0,0.0
0352.HK,0.0,0.0,0.0,0.0
0353.HK,0.0,0.0,0.0,0.0
0354.HK,0.029,0.0323,0.0,0.0811
0355.HK,0.0,0.0,0.0,0.0
0357.HK,0.0,0.0,0.0,0.0
0358.HK,0.1217,0.5877,0.5529,0.6593
0360.HK,0.0,0.0,0.0,0.0
0361.HK,0.0,0.0,0.0,0.0
0362.HK,0.0,0.0,0.0,0.0
0363.HK,1.0,0.96,0.9199999999999999,0.94
0365.HK,0.0,0.0,0.0,0.0
0366.HK,0.06,0.05,0.04,0.04
0367.HK,0.035,0.08,0.0,0.0
0368.HK,0.0,0.0,0.0,0.0
0369.HK,0.27,0.27,0.27,0.11
0370.HK,0.0,0.0,0.0,0.0
0371.HK,0.16799999999999998,0.137,0.157,0.157
0372.HK,0.0,0.0,0.0,0.0
0373.HK,0.125,0.1325,0.1175,0.0
0374.HK,0.095,0.095,0.095,0.095
0375.HK,0.2,0.05,0.1,0.1
0376.HK,0.0,0.0,0.0,0.0
0377.HK,0.0,0.0,0.0,0.0
0379.HK,0.0,0.0,0.0,0.0
0380.HK,0.0,0.0,0.0,0.0
0381.HK,0.0,0.0,0.0,0.0
0382.HK,0.10036,0.16212,0.106,0.186
0383.HK,0.0,0.0,0.0,0.01
0384.HK,0.55,0.55,0.5,0.5
0385.HK,0.04,0.0275,0.025,0.025
0386.HK,0.349071,0.5467,0.3745,0.37870000000000004
0387.HK,0.060000000000000005,0.10500000000000001,0.02,0.065
0388.HK,9.15,7.63,8.19,8.27
0389.HK,0.0,0.0,0.0,0.0
0390.HK,0.21671,0.22956,0.21764,0.2301
0391.HK,0.0,0.0,0.0,0.0
0392.HK,1.1400000000000001,1.35,2.0300000000000002,1.52
0393.HK,0.062,0.06,0.06,0.088
0396.HK,0.0,0.0,0.0,0.0751
0397.HK,0.0,0.0,0.0,0.0
0398.HK,0.206,0.178,0.22,0.242
0399.HK,0.0,0.0,0.0,0.0
0400.HK,0.0,0.0,0.04,0.0
0401.HK,0.0,0.0,0.0,0.0
0403.HK,0.1,0.0,0.01,0.025
0406.HK,0.093,0.05,0.05,0.05
0408.HK,0.26,0.28,0.07,0.13
0410.HK,0.0,0.0,0.0,0.0
0411.HK,0.48,0.48,0.30000000000000004,0.4
0412.HK,0.0,0.0,0.0,0.0
0413.HK,0.0,0.0,0.0,0.0
0417.HK,0.0,0.02,0.0,0.0
0418.HK,0.0,0.0,0.0,0.0
0419.HK,0.0,0.0,0.0,0.0
0420.HK,0.07,0.16,0.0,0.03
0422.HK,0.0,0.0,0.0,0.0
0423.HK,0.15,0.095,0.1,0.1
0425.HK,0.572,0.63,0.578,0.0
0426.HK,0.0,0.0,0.0,0.0
0430.HK,0.03,0.028,0.02,0.02
0431.HK,0.0,0.0,0.0,0.0
0432.HK,0.0,0.0,0.0,0.0
0433.HK,0.0,0.0,0.0,0.0
0434.HK,0.0,0.0,0.0,0.0372
0436.HK,0.0072,0.0039,0.0038,0.0016
0438.HK,0.0,0.0,0.0,0.0
0439.HK,0.0,0.0,0.0,0.0
0440.HK,1.0,1.06,1.17,2.56
0442.HK,0.0,0.0,0.0,0.0
0444.HK,0.0,0.0,0.0,0.0
0450.HK,0.1,0.08,0.09,0.09
0451.HK,0.0,0.0,0.0,0.0
0455.HK,0.0026,0.0026,0.0026,0.0026
0456.HK,0.0,0.0,0.0,0.0
0458.HK,0.0,0.0,0.12,0.25
0459.HK,0.0,0.0,0.0,0.0
0460.HK,0.016,0.052,0.037,0.021
0464.HK,0.0,0.0,0.0,0.0
0465.HK,0.0,0.0,0.0,0.0
0467.HK,0.0236,0.04,0.04,0.04
0468.HK,0.26,0.0,0.0,0.1
0471.HK,0.0,0.0,0.0,0.0
0472.HK,0.0,0.0,0.0,0.0
0474.HK,0.0,0.0,0.0,0.0
0475.HK,0.0,0.0,0.0,0.0
0476.HK,0.0,0.0,0.0,0.0
0480.HK,0.08,0.05,0.01,0.0
0482.HK,0.0,0.0,0.0,0.0
0483.HK,0.74,0.195,0.0,0.0
0484.HK,0.0,0.0,0.0,0.0
0485.HK,0.0,0.0,0.0,0.0
0486.HK,0.0,0.31258,0.0,0.0
0487.HK,0.0,0.0,0.0,0.0
0488.HK,0.0,0.0,0.0,0.0
0489.HK,0.4818,0.3498,0.3279,0.0
0491.HK,0.0,0.0,0.0,0.0
0493.HK,0.0,0.0,0.0,0.0
0495.HK,0.0,0.0,0.0,0.0
0496.HK,0.0,0.0,0.0,0.0
0497.HK,0.0,0.0,0.0084,0.0
0498.HK,0.0,0.0,0.0,0.0
0499.HK,0.0,0.0,0.0,0.0
0500.HK,0.0,0.0,0.0,0.0
0505.HK,0.0,0.0,0.0,0.0
0506.HK,0.106,0.125,0.133,0.159
0508.HK,0.0,0.0,0.0,0.0
0509.HK,0.0,0.0,0.0,0.0
0510.HK,0.0,0.0,0.0,0.0
0511.HK,0.0,0.0,0.0,0.0
0512.HK,0.11,0.11,0.14,0.26
0513.HK,0.02,0.02,0.0,0.0
0515.HK,0.0,0.0,0.0,0.0
0517.HK,0.255,0.2,0.565,0.44
0518.HK,0.015,0.005,0.005,0.005
0519.HK,0.0,0.0,0.0,0.0
0520.HK,0.06727,0.063605,0.0613,0.0301
0521.HK,0.0,0.0,0.0,0.0
0522.HK,3.3,3.9000000000000004,2.51,0.87
0524.HK,0.0,0.0,0.0,0.0
0525.HK,0.0,0.0,0.0,0.07686
0526.HK,0.0,0.0,0.0,0.0
0527.HK,0.0,0.0,0.0,0.0
0528.HK,0.0,0.06,0.09,0.09
0529.HK,0.0,0.02,0.02,0.02
0532.HK,0.08,0.045,0.035,0.0
0533.HK,0.17,0.10500000000000001,0.085,0.06
0535.HK,0.0967,0.0703,0.0076,0.00114
0536.HK,0.10049999999999999,0.0828,0.0837,0.1
0538.HK,0.119,0.098,0.068,0.086
0540.HK,0.0,0.0,0.0,0.0
0542.HK,0.0,0.0,0.0,0.0
0543.HK,0.157027,0.117,0.112826,0.04405
0544.HK,0.0,0.0,0.0,0.0
0546.HK,0.139,0.163,0.52,0.15
0547.HK,0.0,0.0,0.0,0.0
0548.HK,0.518473,0.726465,0.522192,0.6032
0550.HK,0.0,0.0,0.0,0.0
0551.HK,0.0,0.6000000000000001,0.8999999999999999,1.1
0552.HK,0.03235,0.19153,0.21281,0.23864
0553.HK,0.031,0.016,0.015,0.0
0554.HK,0.0,0.0,0.0,0.0
0556.HK,0.0,0.0,0.0,0.0
0557.HK,0.0,0.0,0.0,0.0
0558.HK,0.09,0.08,0.09,0.08
0559.HK,0.0,0.0,0.0,0.0
0560.HK,0.02,0.02,0.02,0.07
0563.HK,0.024,0.024,0.021,0.021
0564.HK,0.255561,0.511097,0.623684,0.922894
0565.HK,0.0,0.08,0.0,0.001
0567.HK,0.0,0.0,0.0,0.0
0568.HK,0.0,0.0,0.0,0.0
0570.HK,0.0666,0.0736,0.0518,0.0
0571.HK,0.0,0.0,0.0,0.0
0572.HK,0.0,0.0,0.0,0.0
0573.HK,0.06,0.06,0.06,0.03
0574.HK,0.0,0.0,0.0,0.0
0575.HK,0.0,0.0,0.0,0.0
0576.HK,0.390796,0.406274,0.394014,0.35239
0579.HK,0.08283,0.08241,0.13142,0.15337
0580.HK,0.03,0.0,0.0,0.0
0581.HK,0.1,0.2,0.03,0.05
0582.HK,0.0,0.0,0.0,0.0
0583.HK,0.0,0.0,0.0,0.0
0585.HK,0.0,0.0,0.0,0.0
0586.HK,0.7,0.7,0.4,0.30000000000000004
0587.HK,0.0,0.0,0.0,0.03
0588.HK,0.03598,0.01189,0.0,0.02202
0589.HK,0.0208,0.0,0.0,0.0
0590.HK,1.05,1.1,1.27,1.19
0591.HK,0.0,0.0,0.0,0.0
0593.HK,0.0,0.0,0.0,0.0
0595.HK,0.04,0.05,0.01,0.03
0596.HK,0.0,0.0,0.04,0.03
0598.HK,0.1428,0.3364,0.26965,0.31605
0599.HK,0.009746,0.009745,0.005,0.0
0601.HK,0.0,0.0,0.0,0.0
0602.HK,0.0,0.0,0.0,0.0
0603.HK,0.0,0.0,0.0,0.0
0604.HK,0.18,0.11,0.13999999999999999,0.07
0605.HK,0.0,0.0,0.0,0.0
0606.HK,0.0,0.05,0.0,0.0
0607.HK,0.0,0.0,0.0,0.0
0608.HK,0.05,0.09,0.155,0.155
0609.HK,0.03,0.32,0.23,0.12000000000000001
0610.HK,0.55,0.11,0.0,0.0
0611.HK,0.0,0.0,0.0,0.0
0613.HK,0.0,0.0,0.0,0.0
0616.HK,0.0,0.0,0.0,0.0
0617.HK,0.0,0.0,0.0,0.0
0618.HK,0.0,0.0,0.0,0.0
0619.HK,0.0,0.0,0.0,0.0
0620.HK,0.0,0.0,0.0,0.0
0621.HK,0.0,0.0,0.0,0.0
0622.HK,0.0,0.0,0.0,0.0
0623.HK,0.09,0.04,0.045,0.07
0626.HK,0.16999999999999998,0.2,0.14,0.0
0627.HK,0.0,0.0,0.0,0.0
0628.HK,0.0,0.0,0.0,0.0
0629.HK,0.0,0.0,0.0084,0.0043
0630.HK,0.0,0.0,0.0,0.0
0631.HK,0.15,0.15,0.19,0.19
0632.HK,0.0,0.0,0.0,0.0
0635.HK,0.045,0.03,0.03,0.03
0636.HK,15.009,0.78,0.56,0.23
0637.HK,0.01,0.01,0.0,0.0
0639.HK,0.089793,0.149654,0.37912500000000005,0.0
0640.HK,0.079,0.024,0.067,0.069
0641.HK,0.0,0.01,0.0,0.0
0643.HK,0.0,0.002,0.0,0.0
0645.HK,0.0,0.0,0.0,0.0
0646.HK,0.0,0.0,0.0,0.0
0648.HK,0.0,0.0,0.0,0.0
0650.HK,0.0,0.0,0.0,0.0
0653.HK,0.0,0.0,0.0,0.0
0655.HK,0.0175,0.0225,0.0,0.01
0656.HK,0.22,0.3,0.014,0.038
0657.HK,0.0,0.0,0.0,0.0
0658.HK,0.0,0.0,0.0,0.0
0659.HK,0.59,0.61,0.61,0.6499999999999999
0660.HK,0.0,0.0,0.0,0.0
0661.HK,0.0,0.0,0.0,0.0
0662.HK,0.11000000000000001,0.12,0.07500000000000001,0.10500000000000001
0663.HK,0.0,0.0,0.0,0.0
0666.HK,0.0,0.0,0.0,0.0
0667.HK,0.135,0.245,0.2,0.2
0669.HK,1.67,1.95,1.85,2.06
0670.HK,0.0,0.0,0.0,0.0
0672.HK,0.0,0.0,0.0,0.0
0673.HK,0.0,0.0,0.0,0.0
0674.HK,0.0,0.0,0.0,0.0
0675.HK,0.11499999999999999,0.12,0.08,0.1
0676.HK,0.0,0.01,0.01,0.01
0677.HK,0.024,0.036000000000000004,0.025500000000000002,0.023
0679.HK,0.03,0.03,0.03,0.03
0681.HK,0.0,0.0,0.0,0.0
0682.HK,0.0,0.0,0.0,0.0
0683.HK,3.65,1.35,1.35,1.35
0684.HK,0.1,0.02,0.02,0.15
0685.HK,0.00781447,0.01171,0.01176,0.01174
0686.HK,0.0,0.0,0.1,0.1
0687.HK,0.01,0.025,0.015,0.025
0688.HK,1.18,1.1600000000000001,0.75,0.75
0689.HK,0.0,0.0,0.0,0.0
0690.HK,0.0,0.0,0.0,0.0
0691.HK,0.0,0.0,0.0,0.0
0693.HK,0.045,0.07500000000000001,0.105,0.065
0694.HK,0.0,0.0,0.0,0.0
0695.HK,0.0725,0.0,0.0,0.136
0696.HK,0.01932,0.06424,0.05822,0.17564
0697.HK,0.096,0.1235,0.1408,0.0506
0698.HK,0.0,0.0,0.0,0.0
0700.HK,1.6,1.6,2.4,3.4
0701.HK,0.02,0.02,0.02,0.0
0702.HK,0.0,0.0,0.0,0.0
0703.HK,0.0,0.0,0.0,0.0
0704.HK,0.0,0.0,0.0,0.0
0707.HK,0.0,0.0,0.0,0.0
0708.HK,0.0,0.0,0.0,0.0
0709.HK,0.134,0.185,0.32,0.21500000000000002
0710.HK,0.05,0.15,0.23,0.19
0711.HK,0.0088,0.0177,0.0218,0.0
0712.HK,0.0,0.0,0.0,0.0
0713.HK,0.0,0.0,0.0,0.0
0716.HK,0.07,0.35000000000000003,0.19,0.07
0717.HK,0.0,0.0,0.0,0.0
0718.HK,0.0,0.0,0.0,0.0
0719.HK,0.180076,0.175758,0.218881,0.301387
0720.HK,0.0,0.0,0.0,0.0
0722.HK,0.038,0.045,0.047,0.033
0723.HK,0.0,0.0,0.0,0.0
0724.HK,0.0,0.0,0.0,0.0
0725.HK,0.0,0.02,0.03,0.02
0726.HK,0.0,0.01,0.0,0.0
0727.HK,0.0,0.0,0.0,0.0
0728.HK,0.125,0.336734,0.241589,0.281103
0730.HK,0.0,0.003,0.003,0.004
0731.HK,0.0,0.0,0.0,0.0
0732.HK,0.1,0.1,0.1,0.1
0733.HK,0.030000000000000002,0.0,0.0,0.0
0736.HK,0.0,0.0,0.0,0.0
0737.HK,0.33872,0.195538,0.097318,0.212466
0738.HK,0.35,0.0,0.05,0.05
0743.HK,0.621,1.014845,0.1762,0.045
0745.HK,0.0,0.0,0.0,0.0
0746.HK,0.42500000000000004,0.7,0.22000000000000003,0.28
0747.HK,0.0,0.0,0.0,0.0
0750.HK,0.028,0.02,0.0,0.0
0751.HK,0.0,0.26,0.03,0.05
0752.HK,0.025,0.05,0.08,0.125
0753.HK,0.0,0.0,0.0,0.0
0754.HK,2.0391440000000003,0.103306,0.0,0.0
0755.HK,0.0,0.0,0.0,0.0
0756.HK,0.0,0.0,0.0,0.0
0757.HK,0.0,0.0,0.07,0.0
0759.HK,0.009,0.01,0.01,0.0
0760.HK,0.0,0.0,0.0,0.0
0762.HK,0.34248,0.30374,0.34462,0.41711
0763.HK,0.24011,0.36826,0.45655,0.7485
0764.HK,0.0,0.0,0.0,0.0
0765.HK,0.0,0.0,0.0,0.0
0767.HK,0.0,0.0,0.0,0.0
0769.HK,0.0,0.0,0.0,0.0
0771.HK,0.27,0.03,0.03,0.03
0772.HK,0.0,0.0,0.0,0.0
0775.HK,0.01,0.01,0.008,0.0
0776.HK,0.0,0.0,0.0,0.0
0777.HK,0.65,2.23,1.4,0.8
0780.HK,0.0,0.0,0.0,0.15
0784.HK,0.0,0.0,0.0,0.0
0788.HK,0.2689,0.3097,0.0,0.0
0789.HK,0.0,0.0,0.0,0.0
0794.HK,0.0,0.0,0.0,0.0
0797.HK,0.0,0.0,0.0,0.0
0798.HK,0.02,0.05,0.025,0.025
0799.HK,0.41200000000000003,0.0,0.0,0.085
0802.HK,0.0,0.0,0.0,0.0
0804.HK,0.0,0.0,0.0,0.0
0805.HK,0.0,0.0,0.0,0.0
0806.HK,0.26,0.08,0.534,0.0
0807.HK,0.090229494,0.15038249,0.120305992,0.0360918
0809.HK,0.0,0.0,0.0,0.0
0811.HK,0.373783,0.371377,0.58255,0.6485650000000001
0812.HK,0.0,0.0,0.0,0.0
0813.HK,0.8999999999999999,0.0,0.0,0.0
0814.HK,0.120631,0.05859,0.0,0.0
0815.HK,0.0,0.0,0.0,0.0
0816.HK,0.0,0.0,0.17,0.254
0817.HK,0.26,0.09,0.055,0.03
0818.HK,0.0,0.0,0.0,0.0
0819.HK,0.4,0.4,0.4,0.43
0821.HK,0.0,0.0,0.0,0.0
0822.HK,0.04,0.033,0.02,0.0
0825.HK,0.0,0.0,0.0,0.0
0826.HK,0.0888,0.0697,0.04,0.0661
0827.HK,0.0,0.0,0.0,0.0
0828.HK,0.0,0.0,0.0,0.0
0829.HK,0.02,0.02,0.02,0.02
0830.HK,0.06,0.058,0.079,0.10200000000000001
0831.HK,0.02,0.07,0.07,0.06
0832.HK,0.6835,0.027,0.0,0.0
0833.HK,0.06,0.02,0.04,0.05
0834.HK,0.0,0.0,0.0,0.0
0836.HK,0.656,0.255,1.204,1.042
0837.HK,0.1958,0.4011,0.2503,0.3864
0838.HK,0.012,0.032600000000000004,0.0596,0.0419
0839.HK,0.336,0.202,0.5521,0.3549
0840.HK,0.0,0.0,0.0,0.0
0841.HK,0.0,0.0,0.0,0.0
0842.HK,0.0,0.0,0.14,0.11000000000000001
0844.HK,0.0,0.0,0.0,0.0
0845.HK,0.0,0.0,0.0,0.0
0846.HK,0.0,0.0,0.0,0.0
0848.HK,0.0,0.0,0.0102,0.0075
0851.HK,0.0,0.0,0.0,0.0
0852.HK,0.0,0.0,0.0,0.08
0853.HK,0.043,0.0,0.0,0.0
0854.HK,0.66759066,0.34733543,0.0,0.0
0855.HK,0.32,0.18,0.33999999999999997,0.28
0856.HK,0.22,0.27,0.17,0.257
0857.HK,0.2626,0.34649,0.47184000000000004,0.49319999999999997
0858.HK,0.0,0.0,0.0,0.0
0859.HK,0.0,0.0,0.0,0.0
0860.HK,0.0,0.0,0.0,0.0
0861.HK,0.12000000000000001,0.153,0.055,0.06999999999999999
0862.HK,0.0,0.0,0.0,0.0
0863.HK,0.0,0.0,0.0,0.0
0864.HK,0.0,0.0,0.0,0.0
0865.HK,0.0,0.0,0.0,0.0
0866.HK,0.0,0.0,0.0,0.0
0867.HK,0.56,0.6160000000000001,0.6160000000000001,0.25
0868.HK,1.28,1.1600000000000001,0.48,0.6799999999999999
0869.HK,0.0,0.035,0.04,0.05
0871.HK,0.0,0.0,0.0,0.0
0873.HK,0.11,0.0,0.0,0.0
0874.HK,0.6547,0.805,0.8126,1.2649
0875.HK,0.0,0.0,0.0,0.0
0876.HK,0.0,0.0,0.0,0.0
0878.HK,0.2,0.2,0.2,0.2
0880.HK,0.0,0.0,0.0,0.0
0881.HK,0.58,0.84,1.09,0.797
0882.HK,0.08230000000000001,0.0895,0.0895,0.13979999999999998
0883.HK,0.55,1.88,1.3399999999999999,1.4
0884.HK,0.391854,0.07,0.0,0.0
0887.HK,0.006999999999999999,0.0073,0.0138,0.0121
0888.HK,0.0,0.0,0.0,0.0
0889.HK,0.02,0.02,0.0,0.0
0893.HK,0.0,0.0,0.0,0.0
0894.HK,0.0,0.0,0.0,0.0
0895.HK,0.119251,0.064445,0.0,0.0
0896.HK,0.07500000000000001,0.07500000000000001,0.060000000000000005,0.0
0897.HK,0.0,0.0,0.0,0.03
0898.HK,0.045,0.045,0.04,0.04
0899.HK,0.0,0.0,0.0,0.0
0900.HK,0.4,0.44,0.45999999999999996,0.48
0902.HK,0.2151,0.0,0.0,0.22042
0907.HK,0.0,0.0,0.0,0.0
0909.HK,0.083,0.068,0.0,0.1
0910.HK,0.0,0.0,0.0,0.0
0911.HK,0.0,0.0,0.0,0.0
0912.HK,0.14,0.11,0.08,0.08
0914.HK,2.56258,2.79398,1.64071,1.05441
0915.HK,0.0,0.0,0.0,0.0
0916.HK,0.1422,0.172,0.1286,0.2446
0917.HK,0.0,0.0,0.0,0.0
0918.HK,0.0,0.0,0.0,0.0
0919.HK,0.0,0.0,0.0,0.0
0921.HK,0.417117,0.250662,0.562599,1.087003
0922.HK,0.019,0.013999999999999999,0.023,0.018
0923.HK,0.0,0.0,0.0,0.0
0924.HK,0.0,0.0,0.0,0.0
0925.HK,0.0,0.0,0.0,0.0
0926.HK,1.014706,0.0,0.0,0.9
0927.HK,0.04,0.05,0.03,0.03
0928.HK,0.0,0.0,0.0,0.0
0929.HK,0.0,0.0,0.0,0.0
0931.HK,0.0,0.0,0.0,0.0
0932.HK,0.0,0.0,0.0,0.0
0933.HK,0.0,0.0,0.0,0.008
0934.HK,0.2,0.2,0.22,0.25
0936.HK,0.0,0.0,0.0,0.0
0938.HK,0.0,0.0,0.0,0.0
0939.HK,0.390835,0.42595,0.421987,0.438393
0941.HK,3.3899999999999997,4.630000000000001,4.640000000000001,5.0
0943.HK,0.0,0.0,0.0,0.0
0945.HK,6.5456005,7.38478,8.1680144,8.951248
0947.HK,0.0,0.0,0.0,0.0
0948.HK,0.0,0.0,0.0,0.0
0950.HK,0.061,0.041,0.018000000000000002,0.03
0951.HK,0.117,0.087,0.066,0.053
0952.HK,0.005,0.0,0.011,0.0
0953.HK,0.0,0.0,0.0,0.0
0954.HK,0.024125,0.0,0.086829,0.0
0956.HK,0.16391,0.19603,0.218145,0.235261
0959.HK,0.0,0.0,0.0,0.0
0960.HK,1.8235999999999999,1.7965,1.2289,0.2525
0966.HK,0.4,0.46,0.26,0.3
0968.HK,0.34,0.2,0.175,0.25
0969.HK,0.0,0.0,0.0,0.0
0970.HK,0.0,0.0,0.0,0.0
0974.HK,0.0,0.0,0.0,0.0
0975.HK,0.0,0.0,0.0,0.0
0976.HK,0.0,0.0,0.0,0.0
0978.HK,0.07,0.06,0.03,0.012
0979.HK,0.0,0.0,0.0,0.0
0980.HK,0.0,0.0,0.0,0.0
0981.HK,0.0,0.0,0.0,0.0
0983.HK,0.0,0.07,0.0,0.0
0984.HK,0.08,0.05,0.04,0.0
0986.HK,0.0,0.0,0.0,0.0
0987.HK,0.009000000000000001,0.005,0.005,0.005
0989.HK,0.0,0.0,0.0,0.0
0990.HK,0.0,0.0,0.0,0.02
0991.HK,0.10924,0.0,0.03163,0.00822
0992.HK,0.32,0.38,0.38,0.385
0993.HK,0.0,0.0,0.0,0.0
0994.HK,0.0,0.0,0.0,0.0
0995.HK,0.2774,0.6376,0.6065,0.6607
0997.HK,0.0,0.0,0.0,0.0
0998.HK,0.305324,0.353739,0.36006,0.555307
0999.HK,0.0,0.0,0.0,0.0
1000.HK,0.0,0.0,0.0,0.0
1001.HK,0.025,0.025,0.03,0.027999999999999997
1002.HK,0.0,0.0,0.0,0.0
1003.HK,0.0,0.0,0.0,0.0
1004.HK,0.0,0.0,0.0,0.0
1005.HK,0.06,0.1,0.12,0.045
1007.HK,0.0,0.0,0.0,0.0
1008.HK,0.1,0.0,0.04,0.02
1009.HK,0.0,0.0,0.0,0.0
1010.HK,0.0,0.0,0.0,0.0
1011.HK,0.0,0.0,0.0,0.0
1013.HK,0.0,0.0,0.0,0.0
1020.HK,0.0,0.0,0.0,0.0
1022.HK,0.0,0.0,0.0,0.0
1023.HK,0.03,0.06,0.11000000000000001,0.06
1024.HK,0.0,0.0,0.0,0.0
1025.HK,0.0,0.0,0.0,0.0
1026.HK,0.0,0.0,0.0,0.0
1027.HK,0.0,0.0,0.0,0.0
1028.HK,0.0,0.0,0.0,0.13
1029.HK,0.0,0.0,0.0,0.0
1030.HK,0.49436,0.0,0.0,0.0
1033.HK,0.0,0.0,0.0,0.0
1034.HK,0.0,0.0,0.0,0.0
1036.HK,0.09,0.09,0.09,0.06
1037.HK,0.0,0.0,0.0,0.0
1038.HK,2.48,2.51,3.25,2.5700000000000003
1039.HK,0.0,0.0,0.0,0.0
1044.HK,2.758322,1.669953,1.5601720000000001,1.522612
1045.HK,0.23,0.255,0.22000000000000003,0.19
1046.HK,0.0,0.0,0.0,0.0
1047.HK,0.04,0.035,0.0,0.0
1049.HK,0.25,0.3,0.0,0.0
1050.HK,0.12000000000000001,0.08,0.03,0.065
1051.HK,0.0,0.12,0.12,0.12
1052.HK,0.27,0.51,0.25,0.27
1053.HK,0.0,0.0,0.0,0.0
1055.HK,0.0,0.0,0.0,0.0
1057.HK,0.0,0.0,0.0,0.0267
1058.HK,0.0,0.0,0.0,0.0
1059.HK,0.0,0.0,0.0,0.0
1060.HK,0.0,0.0,0.0,0.0
1061.HK,0.09,0.095,0.07,0.105
1063.HK,0.0,0.0,0.0,0.0
1064.HK,0.0,0.0,0.0,0.0
1065.HK,0.145638,0.17154,0.158741,0.18229
1066.HK,0.175,0.172,0.16699999999999998,0.1035
1068.HK,0.0,0.0,0.0,0.0
1069.HK,0.0,0.0,0.0,0.0
1070.HK,0.115,0.167,0.127,0.16
1071.HK,0.300129,0.29293,0.22156,0.16469
1072.HK,0.216102,0.269342,0.366279,0.521119
1073.HK,0.0,0.0,0.0,0.0
1075.HK,0.235,0.035,0.2,0.0
1079.HK,0.0,0.0,0.0,0.0
1080.HK,0.0,0.0,0.0,0.0
1082.HK,0.0,0.0,0.0,0.0
1083.HK,0.15,0.15,0.15,0.16
1084.HK,0.04,0.045,0.03,0.0
1085.HK,0.0191,0.0,0.0,0.0
1086.HK,0.0,0.0,0.0,0.0
1087.HK,0.0,0.0,0.0,0.0
1088.HK,2.157279,3.125,2.909,2.491
1090.HK,0.12,0.06,0.0,0.0
1091.HK,0.0,0.0,0.0,0.0
1093.HK,0.16999999999999998,0.2,0.25,0.30000000000000004
1094.HK,0.0,0.0,0.0,0.0
1097.HK,0.0,0.0,0.0,0.0
1098.HK,0.7000000000000001,0.2,0.0,0.0
1099.HK,0.839416,0.872,0.901099,0.956
1100.HK,0.057142,0.07,0.09,0.09
1101.HK,0.0,0.0,0.0,0.0
1102.HK,0.0,0.0,0.0,0.0
1104.HK,0.1,0.0,0.2,0.1
1105.HK,0.02,0.0,0.0,0.0
1107.HK,0.0365,0.0,0.0,0.0
1108.HK,0.0,0.0,0.0,0.0
1109.HK,1.52,1.692,1.6099999999999999,1.5850000000000002
1110.HK,0.0065,0.0239,0.0247,0.0338
1111.HK,0.0,0.0,0.0,0.0
1112.HK,0.76,0.42000000000000004,0.8200000000000001,0.48
1113.HK,1.8699999999999999,2.22,2.2800000000000002,2.0100000000000002
1114.HK,0.0,0.0,1.92,5.8
1115.HK,0.0,0.0,0.0,0.0
1116.HK,0.0,0.0,0.0,0.0
1117.HK,0.0243,0.03061,0.01566,0.00494
1118.HK,0.05500000000000001,0.07,0.055,0.060000000000000005
1119.HK,0.0,0.0,0.0,0.0
1120.HK,0.0,0.0,0.05,0.05
1121.HK,0.0,0.0,0.0,0.0
1122.HK,0.121039,0.12924,0.0,0.0
1123.HK,0.01,0.01,0.01,0.01
1124.HK,0.0,0.0,0.0,0.0
1125.HK,0.0,0.0,0.0,0.0
1126.HK,0.12000000000000001,0.2,0.5,0.55
1127.HK,0.08,0.09,0.06,0.11
1128.HK,0.0,0.0,0.0,0.15
1129.HK,0.0,0.0,0.0,0.0
1130.HK,0.0,0.0,0.0,0.0
1132.HK,0.0,0.0,0.0,0.0
1133.HK,0.0131,0.0,0.00686,0.0573
1134.HK,0.0,0.0,0.0,0.0
1137.HK,0.08,0.08,0.0,0.0
1138.HK,0.24036,0.0,0.16272,0.62527
1141.HK,0.132,0.0748,0.0,0.0
1142.HK,0.0,0.0,0.0,0.0
1143.HK,0.0,0.0,0.0,0.0
1145.HK,0.0,0.0,0.0,0.0
1146.HK,0.0,0.0,0.0,0.02
1147.HK,0.0,0.0018,0.0,0.0
1148.HK,0.0,0.0,0.0,0.0
1150.HK,0.0,0.0,0.0,0.0
1152.HK,0.0,0.0,0.0,0.0
1153.HK,0.064,0.079,0.0,0.0
1156.HK,0.0,0.0,0.0,0.0
1157.HK,0.3868,0.3755,0.3482,0.3507
1159.HK,0.0,0.0,0.0,0.0
1161.HK,0.055,0.165,0.14500000000000002,0.10500000000000001
1162.HK,0.0,0.0,0.0,0.0
1163.HK,0.0,0.0,0.0,0.0
1164.HK,0.005,0.0,0.0,0.003
1165.HK,0.0,0.0,0.0,0.0
1166.HK,0.0,0.0,0.0,0.0
1167.HK,0.0,0.0,0.0,0.0
1168.HK,0.0,0.0,0.0,0.0
1170.HK,0.022,0.04,0.019999999999999997,0.09300000000000001
1171.HK,0.248564,0.961385,1.028308,1.4267
1172.HK,0.0,0.0,0.0,0.0
1173.HK,0.0,0.0,0.005,0.0
1176.HK,0.01,0.0,0.0,0.0
1177.HK,0.04,0.1,0.08,0.06
1179.HK,0.0,0.1641108,0.48451757,0.4923324
1180.HK,0.0,0.0,0.0,0.05
1181.HK,0.055,0.025,0.05,0.015
1182.HK,0.0,0.0,0.0,0.0
1183.HK,0.021332999999999998,0.032,0.0,0.0
1184.HK,0.315,0.4,0.35,0.4
1185.HK,0.0,0.0,0.0,0.0
1186.HK,0.2761,0.2881,0.3054,0.3842
1188.HK,0.0,0.0,0.0,0.0
1189.HK,0.0,0.0,0.0,0.0
1193.HK,0.93,1.27,1.05,1.2569
1195.HK,0.0,0.0,0.0,0.0
1196.HK,0.0,0.0,0.0,0.0
1198.HK,0.06,0.01,0.01,0.0
1199.HK,0.33899999999999997,0.337,0.252,0.277
1200.HK,0.0,0.0,0.0,0.0
1201.HK,0.0,0.0,0.0,0.0
1202.HK,0.0,0.0,0.0,0.0
1203.HK,0.025,0.025,0.03,0.03
1204.HK,0.0,0.0,0.0,0.0
1205.HK,0.0,0.045,0.06,0.025
1206.HK,0.0,0.0,0.0,0.0
1208.HK,0.0,0.0,0.0,0.0
1209.HK,0.158,0.484,1.0069,1.463
1211.HK,0.34032681,0.12345,1.26019,3.40609
1213.HK,0.01,0.01,0.01,0.01
1215.HK,0.0,0.0,0.0,0.0
1216.HK,0.0,0.0,0.0,0.0
1218.HK,0.0,0.0,0.0,0.0
1220.HK,0.0,0.0,0.0,0.0
1221.HK,0.0,0.0,0.0,0.03
1222.HK,0.003,0.0,0.0004,0.0
1223.HK,0.005,0.005,0.005,0.005
1224.HK,0.02,0.02,0.02,0.0
1225.HK,0.0,0.0,0.0,0.0
1228.HK,0.0,0.0,0.0,0.0
1229.HK,0.0,0.0,0.0,0.0
1231.HK,0.0,0.0,0.0,0.0
1232.HK,0.0,0.0,0.0,0.0
1233.HK,0.9257,0.0,0.0,0.0
1234.HK,0.32,0.16,0.234205,0.18
1235.HK,0.0,0.0,0.0,0.007
1237.HK,0.0,0.0,0.0,0.0
1238.HK,0.51,0.0,0.0,0.0
1239.HK,0.0,0.0,0.0,0.0
1240.HK,0.08,0.06,0.0,0.0
1241.HK,0.0,0.0,0.0,0.0
1243.HK,0.0074,0.0075,0.0069,0.0
1244.HK,0.0,0.0,0.0,0.0
1245.HK,0.0,0.032,0.017,0.013000000000000001
1246.HK,0.0,0.0,0.0,0.0
1247.HK,0.0,0.0,0.0,0.0
1250.HK,0.0,0.0,0.0,0.0
1251.HK,0.0,0.0,0.0,0.0
1252.HK,0.0,0.0,0.0,0.0
1253.HK,0.0,0.0,0.0,0.0
1255.HK,0.0,0.0,0.0,0.0
1257.HK,0.14,0.076,0.025,0.014
1258.HK,0.111245,0.299814,0.220944,0.231916
1259.HK,0.0,0.0,0.0,0.0
1260.HK,0.0,0.0,0.0,0.0
1262.HK,0.0,0.0,0.0,0.0
1263.HK,1.06,2.41,0.35,0.4
1265.HK,0.0601,0.0,0.0,0.0
1268.HK,0.58637414,0.90345,0.13734000000000002,0.03597
1269.HK,0.0,0.0,0.0,0.0
1270.HK,0.0,0.027,0.029,0.0
1271.HK,0.28,0.3,0.19,0.0
1272.HK,0.053543,0.034917,0.05441,0.083295
1273.HK,0.026,0.039,0.039,0.026
1274.HK,0.0,0.0,0.0,0.0
1277.HK,0.095,0.125,0.14,0.16
1278.HK,0.0,0.0,0.0022,0.0034
1280.HK,0.0,0.0,0.0,0.0
1281.HK,0.0,0.0,0.0,0.0
1282.HK,0.0,0.0,0.0,0.0
1283.HK,0.062,0.037000000000000005,0.023,0.019
1284.HK,0.0,0.0,0.0,0.0287
1285.HK,0.15000000000000002,0.05,0.05,0.1
1286.HK,0.047,0.152,0.16,0.16
1288.HK,0.224415,0.242033,0.241042,0.25331
1289.HK,0.0607,0.0,0.0882,0.0877
1290.HK,0.0,0.04,0.03,0.02
1292.HK,0.0,0.05859,0.163026,0.219196
1293.HK,0.0,0.0,0.0,0.0
1298.HK,0.0,0.0,0.0,0.0
1299.HK,1.383,1.4828000000000001,1.5569,1.6357000000000002
1300.HK,0.0,0.0,0.0,0.0
1301.HK,0.0,0.012,0.0,0.06866
1302.HK,0.0,0.0,0.0,0.0
1303.HK,0.0,0.0,0.0,0.0
1305.HK,0.0,0.0,0.0,0.0
1308.HK,3.2,3.8,2.2,1.62
1310.HK,0.765,0.6000000000000001,0.4,0.315
1312.HK,0.0,0.0,0.0,0.0
1313.HK,0.5800000000000001,0.4,0.05,0.026000000000000002
1314.HK,0.0,0.0,0.05,0.035
1315.HK,0.0,0.0,0.0,0.0
1316.HK,0.0727,0.0743,0.0366,0.0233
1317.HK,0.0,0.0,0.0,0.0
1318.HK,0.0,0.0,0.0,0.0
1319.HK,0.0126,0.0129,0.0191,0.014
1321.HK,0.0,0.0,0.0,0.0
1323.HK,0.028779,0.0,0.0,0.0
1326.HK,0.0,0.0,0.0,0.0
1327.HK,0.0,0.0,0.0,0.0
1328.HK,0.0,0.0,0.0,0.0
1330.HK,0.21682,0.11674,0.1316,0.165
1332.HK,0.0,0.0,0.0,0.0
1333.HK,0.0,0.0,0.0,0.0
1334.HK,0.0,0.0,0.0,0.0
1335.HK,0.0,0.0,0.01,0.0
1336.HK,1.668563,1.687653,1.177903,0.931584
1338.HK,0.0,0.0,0.0,0.0
1339.HK,0.166042,0.171608,0.182024,0.23914200000000002
1340.HK,0.0,0.0,0.0,0.0
1341.HK,0.0,0.0,0.0,0.0
1343.HK,0.0,0.0,0.0,0.0
1345.HK,0.131,0.082,0.07200000000000001,0.07200000000000001
1346.HK,0.0,0.025,0.115,0.09
1347.HK,0.0,0.0,0.0,0.165
1348.HK,0.0,0.0,0.0,0.0
1349.HK,0.054205,0.0859,0.0798,0.0974
1351.HK,0.0,0.34099999999999997,0.0,0.0
1354.HK,0.0,0.0,0.0,0.0
1355.HK,0.0,0.0,0.0,0.0
1357.HK,0.0,0.0,0.02,0.036
1358.HK,3.1532,0.0,0.049,0.0945
1359.HK,0.124979,0.111078,0.05436,0.05016
1360.HK,0.0,0.0,0.0,0.0
1361.HK,0.0,0.0,0.065,0.30400000000000005
1362.HK,0.0,0.0,0.02,0.015
1364.HK,0.0,0.0,0.0,0.0
1368.HK,0.19,0.265,0.20800000000000002,0.236
1370.HK,0.0,0.0,0.0,0.0
1371.HK,0.0,0.0,0.0,0.0
1372.HK,0.0,0.0,0.0,0.0
1373.HK,0.132,0.22499999999999998,0.13999999999999999,0.112
1375.HK,0.04109,0.025,0.0078,0.022
1376.HK,0.0,0.0,0.0,0.0
1378.HK,0.95,1.01,0.22,0.8799999999999999
1379.HK,0.0,0.3794,0.2267,0.2532
1380.HK,0.0,0.0,0.0,0.0
1381.HK,0.099,0.12,0.096,0.032
1382.HK,0.43,0.29000000000000004,0.11000000000000001,0.12000000000000001
1383.HK,0.0,0.0,0.0,0.0
1385.HK,0.0,0.0763,0.1494,0.109806
1388.HK,0.045,0.0,0.0,0.0
1389.HK,0.0,0.0,0.0,0.0
1393.HK,0.0,0.0,0.0,0.0
1395.HK,0.005,0.0,0.0,0.0
1396.HK,0.0,0.0,0.0,0.0
1397.HK,0.036,0.009,0.038,0.034
1398.HK,0.319911,0.343218,0.329236,0.335715
1399.HK,0.0,0.0,0.0,0.0
1400.HK,0.0,0.0,0.0,0.0
1401.HK,0.0,0.0,0.0,0.0
1402.HK,0.0065,0.005,0.017,0.0
1405.HK,0.0,0.0,0.0,0.0
1406.HK,0.0,0.0,0.0,0.0
1407.HK,0.0,0.0,0.044,0.033
1408.HK,0.0,0.0203,0.0108,0.0
1410.HK,0.01,0.0,0.0,0.0
1412.HK,0.13999999999999999,0.14,0.13,0.11
1413.HK,0.0,0.0,0.0,0.0
1415.HK,0.0,0.0,0.0,0.0
1416.HK,0.0,0.0,0.0,0.0
1417.HK,0.012,0.035,0.01,0.0
1418.HK,0.0,0.004,0.004,0.023
1419.HK,0.12,0.3,0.16,0.028
1420.HK,0.0,0.0,0.0,0.0
1421.HK,0.0,0.0,0.0,0.0
1425.HK,0.036,0.059,0.044,0.0485
1427.HK,0.0,0.0,0.0,0.0
1428.HK,0.13,0.1,1.2,0.33
1429.HK,0.0,0.0,0.0,0.0
1431.HK,0.0,0.0,0.0,0.0
1432.HK,0.0,0.0,0.0113,0.0023
1433.HK,0.00075,0.0025,0.002,0.0
1440.HK,0.0,0.0,0.0,0.0
1442.HK,0.0,0.0,0.0,0.0
1443.HK,0.0,0.0,0.003,0.003
1446.HK,0.0196,0.0068,0.0,0.0
1447.HK,0.1,0.055,0.065,0.07
1448.HK,0.1117,0.1128,0.1664,0.2825
1449.HK,0.0,0.0,0.105,0.0
1450.HK,0.0,0.0,0.0,0.0
1451.HK,0.0,0.0,0.03,0.1
1452.HK,0.0,0.0,0.0,0.0
1455.HK,0.038,0.015,0.015,0.0
1456.HK,0.130092,0.116843,0.0,0.155704
1458.HK,0.08,0.12,0.12,0.05
1459.HK,0.04,0.04,0.04,0.02
1460.HK,0.0,0.0,0.0,0.01
1461.HK,0.0286,0.021,0.0176,0.0153
1463.HK,0.0,0.0,0.0,0.0
1466.HK,0.0,0.0,0.0,0.0
1468.HK,0.0,0.0,0.0,0.0
1470.HK,0.0,0.0,0.0,0.0
1471.HK,0.0,0.0,0.0,0.0
1472.HK,0.0,0.0,0.0,0.0
1473.HK,0.013,0.0,0.0,0.0
1475.HK,0.1405,0.1456,0.1516,0.1582
1476.HK,0.0,0.0,0.0,0.0
1477.HK,0.0,0.0,0.0,0.0
1478.HK,0.05,0.0,0.0,0.0
1480.HK,0.06,0.06,0.12,0.1
1481.HK,0.005,0.0,0.0,0.0
1483.HK,0.0,0.0,0.0,0.0
1486.HK,0.0,0.0,0.0,0.0
1488.HK,0.0,0.0,0.0,0.0
1489.HK,0.0,0.0,0.0,0.0
1490.HK,0.0,0.0,0.0,0.0
1495.HK,0.0,0.0,0.0,0.0
1496.HK,0.0,0.0,0.0065,0.0076
1497.HK,0.0,0.0,0.0,0.236261
1498.HK,0.0,0.0,0.0,0.0
1499.HK,0.0,0.0,0.0,0.0
1500.HK,0.03,0.03,0.0,0.0
1501.HK,0.341,0.32,0.27,0.3
1502.HK,0.18541,0.26088,0.17987,0.19019
1508.HK,0.049223,0.05271,0.015269,0.046028
1513.HK,1.50575,1.51156,1.74385,1.48203
1515.HK,0.0882,0.12,0.037,0.120667
1516.HK,0.07,0.146,0.387,0.157
1518.HK,0.0,0.0,0.0,0.0378
1519.HK,0.0,0.0,0.0,0.0
1520.HK,0.0,0.0,0.0,0.0
1521.HK,0.0,0.0,0.0,0.0
1522.HK,0.025,0.027,0.026,0.025
1523.HK,0.0749,0.1417,0.157,0.1225
1525.HK,0.18,0.2,0.2,0.2
1526.HK,0.0,0.0,0.13,0.045
1527.HK,0.0,0.0,0.0543,0.0
1528.HK,0.0,0.115923,0.050343,0.0
1529.HK,0.0,0.0,0.0,0.0
1530.HK,0.0,0.2,0.1,0.25
1532.HK,0.0,0.0,0.0,0.0
1536.HK,0.0,0.0,0.0,0.0
1538.HK,0.03,0.025,0.05,0.025
1539.HK,0.0,0.0,0.0,0.0
1540.HK,0.05,0.03,0.0,0.04
1541.HK,0.0,0.0,0.0,0.0
1542.HK,0.205,0.1992,0.0815,0.0
1543.HK,0.07305,0.05849,0.03817,0.02196
1545.HK,0.0288,0.01,0.0,0.0038
1546.HK,0.0,0.0,0.0,0.0
1547.HK,0.05,0.01,0.0,0.005
1548.HK,0.0,0.0,0.0,0.0
1549.HK,0.0,0.0,0.0,0.0
1551.HK,0.24281,0.12255,0.11501,0.043925
1552.HK,0.0,0.0,0.0,0.0
1553.HK,0.12,0.1,0.1,0.12
1555.HK,0.0,0.0,0.0,0.0
1556.HK,0.015,0.015,0.013,0.02
1557.HK,0.0,0.0,0.0,0.0
1558.HK,0.0,0.0,0.0,0.0
1559.HK,0.0,0.0,0.0,0.0
1560.HK,0.0,0.0,0.0,0.0
1561.HK,0.0,0.0,0.0,0.0
1563.HK,0.0,0.0,0.0,0.0
1565.HK,0.044,0.0,0.0,0.0125
1566.HK,0.0,0.0,0.0,0.0
1568.HK,0.08,0.07,0.06,0.0
1569.HK,0.0107,0.0532,0.0429,0.0098
1570.HK,0.0,0.0,0.0,0.0
1571.HK,0.184,0.0802,0.24000000000000002,0.45
1572.HK,0.0,0.0,0.0,0.0
1575.HK,0.0,0.0,0.0,0.0
1576.HK,0.216714,0.210957,0.196692,0.164459
1577.HK,0.06064,0.058752,0.055002,0.054967
1578.HK,0.0,0.0,0.0,0.132336
1579.HK,0.30291,0.270059,0.202557,1.1242
1580.HK,0.0,0.0,0.0,0.0
1581.HK,0.0,0.0,0.0,0.0
1582.HK,0.052500000000000005,0.043,0.033,0.033
1583.HK,0.0,0.0,0.0,0.0
1585.HK,0.19,0.28,0.4,0.48
1586.HK,0.047641,0.033058000000000004,0.049182000000000003,0.0174
1587.HK,0.015,0.045,0.015,0.015
1588.HK,0.064333,0.0,0.0,0.0
1591.HK,0.0,0.0,0.0,0.0
1592.HK,0.0,0.0,0.0,0.0
1593.HK,0.0223,0.0,0.0,0.0
1596.HK,0.0,0.0648,0.056,0.011
1597.HK,0.0,0.0,0.0,0.0
1598.HK,0.0157,0.0063,0.008,0.0
1599.HK,0.189535,0.197199,0.211384,0.18932
1600.HK,0.34950000000000003,0.252,0.1931,0.1707
1601.HK,0.0526,0.0522,0.0659,0.0749
1606.HK,0.093103,0.10908,0.086729,0.107932
1608.HK,0.042,0.0,0.0,0.0
1610.HK,0.206,0.18,0.0,0.0
1611.HK,0.0,0.0,0.0,0.0
1612.HK,0.13,0.05,0.0125,0.031
1613.HK,0.0,0.0,0.0,0.0
1615.HK,0.0,0.0,0.0,0.0
1616.HK,0.0,0.0,0.0,0.0
1617.HK,0.0,0.0,0.0,0.0
1618.HK,0.090154,0.091394,0.090836,0.078964
1620.HK,0.0,0.0,0.0,0.0
1621.HK,0.0,0.01,0.0,0.0
1622.HK,0.059944,0.0,0.0,0.0
1623.HK,0.0,0.0,0.0,0.0
1626.HK,0.0,0.0,0.056,0.0
1627.HK,0.025,0.035,0.05,0.05
1628.HK,0.053,0.0,0.0,0.0
1629.HK,0.0,0.0,0.0,0.0
1630.HK,0.0,0.0,0.0,0.0
1631.HK,0.3,0.2,0.15,0.0
1632.HK,0.0,0.0,0.0,0.0
1633.HK,0.0,0.0,0.0,0.0
1635.HK,0.06665,0.05873,0.03272,0.038428
1636.HK,0.0,0.0,0.0,0.0
1637.HK,0.039,0.045000000000000005,0.0,0.0
1638.HK,0.12,0.0,0.0,0.0
1640.HK,0.0,0.0,0.0,0.0
1643.HK,0.0,0.0167,0.0,0.0
1645.HK,0.05,0.0,0.0,0.0
1647.HK,0.0,0.0,0.0,0.0
1650.HK,0.0,0.012452,0.005735,0.00878
1651.HK,0.65,0.8,0.8,0.8500000000000001
1652.HK,0.012199999999999999,0.0042,0.0,0.0
1653.HK,0.0,0.0,0.0,0.0
1655.HK,0.0,0.0,0.0,0.0
1656.HK,0.048122402,0.087221846,0.048122402,0.016842838
1657.HK,0.0,0.0,0.0,0.0
1658.HK,0.250649,0.290018,0.279724,0.285971
1660.HK,0.0,0.0,0.0,0.0
1661.HK,0.0,0.0,0.0,0.0
1662.HK,0.0,0.0,0.0,0.1
1663.HK,0.01,0.01,0.0,0.0
1666.HK,0.194464,0.186895,0.175761,0.197762
1667.HK,0.0,0.0,0.0,0.0
1668.HK,0.03,0.0,0.02,0.0
1669.HK,0.032,0.053,0.051,0.05
1671.HK,0.060639,0.0,0.026433,0.0
1672.HK,0.0,0.0,0.0,0.0
1673.HK,0.0,0.0,0.0,0.0
1675.HK,0.345,0.416,1.001,0.412
1676.HK,0.0,0.0,0.0,0.0
1679.HK,0.0,0.0,0.0,0.0
1680.HK,0.0,0.0,0.0,0.0
1681.HK,0.4,0.2,0.75,0.6
1682.HK,0.0,0.0,0.0,0.0
1683.HK,0.0,0.0,0.0,0.0
1685.HK,0.0,0.0,0.0,0.0
1686.HK,0.194,0.208,0.112,0.112
1689.HK,0.08,0.0,0.0,0.0
1690.HK,0.0,0.0,0.0,0.0
1691.HK,0.2661,0.4098,0.0392,0.0
1692.HK,0.242,0.268,0.34299999999999997,0.261
1693.HK,0.0,0.0,0.0,0.0
1695.HK,0.0,0.0,0.0,0.0
1696.HK,0.07,0.314,0.173,0.158
1697.HK,0.0,0.0,0.0,0.0
1698.HK,0.0,0.0,0.0,0.53529114
1699.HK,0.0,0.0,0.0,0.0
1701.HK,0.0,0.0,0.0,0.0
1702.HK,0.05,0.1,0.08,0.08
1703.HK,0.0,0.0,0.0,0.0
1705.HK,0.0,0.025,0.05,0.055
1707.HK,0.0,0.0,0.0,0.0
1708.HK,0.0,0.0,0.0,0.0
1709.HK,0.0,0.013725,0.010098,0.0198
1710.HK,0.012,0.008,0.02,0.0
1711.HK,0.0063,0.005,0.0,0.0
1712.HK,0.0,0.0,0.0,0.0
1713.HK,0.1433,0.14773,0.13716,0.14327
1715.HK,0.0,0.0,0.0,0.0
1716.HK,0.034,0.0,0.0,0.0
1717.HK,0.27,0.56,0.06,0.05
1718.HK,0.0,0.0,0.0,0.0
1719.HK,0.0,0.0,0.0,0.0
1720.HK,0.0,0.0,0.0,0.0
1721.HK,0.0,0.0,0.0,0.0
1722.HK,0.0,0.0,0.0,0.0
1723.HK,0.0,0.0,0.15,0.05
1725.HK,0.0,0.0,0.0,0.0
1726.HK,0.0,0.0,0.0,0.0
1727.HK,0.16975,0.0,0.0,0.0
1728.HK,0.0,0.0,0.0,0.0
1729.HK,0.025,0.015,0.0125,0.017
1730.HK,0.210535492,0.201512542,0.180458988,0.180458988
1731.HK,0.01,0.01,0.042,0.05
1732.HK,0.0,0.0,0.0,0.0
1733.HK,0.064,0.302,0.14500000000000002,0.196
1735.HK,0.0,0.0,0.0,0.0
1736.HK,0.0,0.0,0.0,0.0
1737.HK,0.03,0.025,0.0,0.02
1738.HK,0.0,0.0,0.0,0.0
1739.HK,0.0,0.0,0.028,0.0241
1740.HK,0.0,0.0,0.0,0.0
1741.HK,0.0,0.0,0.0,0.0
1742.HK,0.0,0.0,0.0,0.0
1745.HK,0.0,0.0,0.0,0.0
1746.HK,0.0,0.0,0.0,0.024
1747.HK,0.0287,0.0298,0.0,0.0
1748.HK,0.0,0.0,0.285,0.0
1749.HK,0.0,0.0,0.044,0.0879
1750.HK,0.0,0.0,0.0,0.0
1751.HK,0.0,0.0,0.0,0.0
1752.HK,0.0,0.0,0.001,0.003
1753.HK,0.0,0.0,0.0,0.0
1755.HK,0.33003,0.18167,0.17398,0.22506
1756.HK,0.13690000000000002,0.0502,0.0,0.0
1757.HK,0.0,0.0,0.0,0.0
1758.HK,0.0,0.0,0.0,0.0
1759.HK,0.0,0.0,0.0,0.0
1760.HK,0.032,0.068,0.131,0.098
1762.HK,0.0,0.0,0.0,0.0
1763.HK,0.2171,0.44,0.4785,0.42369999999999997
1765.HK,0.0098,0.04,0.0,0.0
1766.HK,0.217869,0.210083,0.219506,0.219571
1767.HK,0.0,0.0,0.0,0.0023
1769.HK,0.49,0.0,0.0,0.0
1771.HK,0.13,0.16,0.02,0.0
1772.HK,0.260901,0.351318,1.088194,0.877382
1773.HK,0.10830000000000001,0.0,0.0277,0.07150000000000001
1775.HK,0.0,0.0,0.0,0.0
1776.HK,0.541914,1.159232,0.381033,0.440203
1777.HK,0.0705,0.0,0.0,0.0
1778.HK,0.0,0.0,0.0,0.0
1780.HK,0.0645,0.0,0.0,0.0
1782.HK,0.0,0.0,0.0,0.0
1783.HK,0.0,0.0,0.0,0.0
1785.HK,0.147213,0.16767,0.20223,0.18445
1786.HK,0.0,0.011717,0.027,0.033
1787.HK,0.06065,0.05892,0.07712,0.15374
1788.HK,0.101,0.04,0.02,0.022
1789.HK,0.04,0.025,0.06,0.045
1790.HK,0.0,0.05,0.0,0.0
1792.HK,0.0,0.0,0.0,0.0
1793.HK,0.012,0.012,0.012,0.012
1795.HK,0.03,0.03,0.03,0.03
1796.HK,0.0,0.0,0.0,0.0
1797.HK,0.0,0.0,0.0,0.0
1798.HK,0.036,0.035,0.054,0.077
1799.HK,0.12134,1.28077,0.0,0.0
1800.HK,0.21422,0.25082,0.24735,0.47614
1801.HK,0.0,0.0,0.0,0.0
1802.HK,0.0,0.0,0.0,0.0
1803.HK,0.0,0.0,0.0,0.0
1808.HK,0.0,0.0,0.0,0.0
1809.HK,0.2,0.2,0.2,0.44999999999999996
1810.HK,0.0,0.0,0.0,0.0
1811.HK,0.1242,0.0672,0.0709,0.1217
1812.HK,0.2239,0.0,0.0,0.0
1813.HK,1.09093,0.0,0.0,0.0
1815.HK,0.0,0.0,0.0,0.0
1816.HK,0.09658,0.09869,0.09674,0.10324
1817.HK,0.0,0.0,0.0,0.0
1818.HK,0.0608,0.0,0.0442,0.044
1820.HK,0.24,0.16,0.16,0.16
1821.HK,0.0,0.125,0.375,0.125
1822.HK,0.0,0.0,0.0,0.0
1823.HK,0.06,0.0,0.121,0.121
1825.HK,0.0,0.0,0.0,0.0
1826.HK,0.0,0.0,0.0,0.0
1827.HK,0.0,0.0,0.0,0.0
1830.HK,0.297,0.201,0.133,0.23099999999999998
1831.HK,0.0,0.0,0.0,0.0
1832.HK,0.0,0.0,0.0,0.0
1833.HK,0.0,0.0,0.0,9.7
1835.HK,0.0,0.0,0.0,0.0
1836.HK,0.21,0.98,0.87,1.26
1837.HK,0.02,0.0,0.0,0.0356
1841.HK,0.15,0.08,0.0,0.0
1842.HK,0.0,0.0,0.0,0.0
1843.HK,0.0,0.043480000000000005,0.00097,0.0
1845.HK,0.0,0.0,0.0,0.0
1846.HK,0.02988,0.09932,0.11376,0.0838
1847.HK,0.1485,0.0,0.0367,0.0
1848.HK,0.35,0.41000000000000003,0.3,0.27
1849.HK,0.0,0.0,0.0,0.0
1850.HK,0.0,0.0,0.0,0.0
1851.HK,0.0,0.0,0.0,0.0
1853.HK,0.1243,0.1414,0.1029,0.0992
1854.HK,0.0,0.0,0.0,0.0
1855.HK,0.0,0.0,0.0,0.026
1856.HK,0.0,0.0,0.0,0.0
1857.HK,0.123313646,0.13053201,0.18767736,0.122712116
1858.HK,0.0,0.1527,0.34185,0.488425
1860.HK,0.0,0.0,0.0,0.0
1861.HK,0.0281,0.0177,0.0441,0.050600000000000006
1862.HK,0.25,0.0,0.0,0.0
1863.HK,0.0,0.0,0.0,0.0
1865.HK,0.0,0.0,0.0,0.0
1866.HK,0.11882,0.2332,0.271025,0.264
1867.HK,0.0,0.0,0.0,0.0
1868.HK,0.0,0.0,0.0,0.0
1869.HK,0.0,0.0,0.0269,0.0
1870.HK,0.0,0.0,0.0,0.0
1871.HK,0.0,0.0,0.0,0.0
1872.HK,0.0,0.0,0.0,0.0
1873.HK,0.01,0.0,0.0,0.0
1875.HK,0.0,0.0,0.0,0.0
1876.HK,0.2196,0.2368,0.2961,0.4128
1877.HK,0.0,0.0,0.0,0.0
1878.HK,0.0,0.0,0.0,0.0
1880.HK,0.0,0.0,0.870559,1.81194
1882.HK,0.65,0.95,0.55,0.66
1883.HK,0.215,0.23,0.305,0.253
1884.HK,0.008,0.009,0.0,0.0
1888.HK,0.44999999999999996,1.3499999999999999,0.26,0.22
1889.HK,0.0,0.0,0.0,0.0
1890.HK,0.12,0.12,0.06,0.07
1891.HK,0.0055,0.008,0.0,0.0
1894.HK,0.0,0.0,0.0,0.0
1895.HK,0.102,0.138,0.0,0.0932
1896.HK,0.0,0.0,0.0,0.0
1897.HK,0.041999999999999996,0.029,0.025,0.022000000000000002
1898.HK,0.160897,0.35249,0.45486,0.72577
1899.HK,0.15,0.15,0.15,0.13
1900.HK,0.0,0.0,0.0,0.0227
1901.HK,0.0,0.0,0.0,0.0
1903.HK,0.0,0.0,0.0,0.0
1905.HK,0.0682983,0.079582,0.118225,0.093504
1906.HK,0.0,0.0,0.0,0.0
1907.HK,0.2718,0.21789999999999998,0.11699999999999999,0.0217
1908.HK,1.1,1.2,1.3,1.3
1909.HK,0.2604,0.0,0.0,0.0
1910.HK,0.0,0.0,0.0,0.7982
1911.HK,0.45585,0.44543,0.0,0.0
1912.HK,0.0,0.0,0.0,0.0
1913.HK,0.32739,0.57176,0.941875,1.133881
1915.HK,0.0,0.0,0.0,0.0
1916.HK,0.06035,0.058579,0.05543,0.043934
1917.HK,0.0,0.0,0.0,0.0
1918.HK,2.0,0.0,0.0,0.0
1919.HK,0.0,3.2353000000000005,2.10305,0.8217209999999999
1920.HK,0.0,0.0,0.0,0.0
1921.HK,0.0,0.03,0.04,0.04
1922.HK,0.092,0.126,0.0,0.124
1925.HK,0.0,0.0,0.12000000000000001,0.09
1927.HK,0.0,0.0,0.0,0.0
1928.HK,0.0,0.0,0.0,0.0
1929.HK,0.45999999999999996,0.5,0.53,0.5
1930.HK,0.00371,0.00286,0.00241,0.00241
1931.HK,0.06267,0.08012999999999999,0.0594,0.12418
1932.HK,0.01,0.0,0.0,0.0
1933.HK,0.0,0.0,0.0,0.0
1935.HK,0.05,0.0,0.015,0.0
1936.HK,0.0,0.0,0.0,0.11
1937.HK,0.0,0.0,0.0,0.0
1938.HK,0.0,0.0,0.0,0.0
1939.HK,0.01,0.01,0.0,0.0
1940.HK,0.0,0.0,0.0,0.0
1941.HK,0.0,0.0,0.0,0.0
1942.HK,0.02,0.0,0.0,0.0
1943.HK,0.0,0.0,0.0,0.0
1945.HK,0.0,0.0,0.0,0.0
1947.HK,0.0,0.0,0.0,0.01
1948.HK,0.0,0.1,0.02,0.05
1949.HK,0.0,0.0,0.0,0.0
1950.HK,0.0,0.0,0.0,0.0
1951.HK,0.0,0.0738,0.0,0.0595
1952.HK,0.0,0.0,0.0,0.0
1953.HK,0.0,0.01678,0.04851,0.0
1955.HK,0.075,0.05,0.0122,0.0094
1957.HK,0.0,0.0,0.0,0.0
1958.HK,0.0969,0.1875,0.186,0.1426
1959.HK,0.0,0.0,0.0,0.0
1960.HK,0.0,0.0,0.0,0.0
1961.HK,0.0,0.0,0.0,0.0
1962.HK,0.013,0.028,0.079,0.059
1963.HK,0.449954,0.456816,0.43229,0.627068
1965.HK,0.0,0.0,0.0,0.0
1966.HK,0.3,0.06,0.0,0.0
1967.HK,0.0,0.0,0.0,0.0
1968.HK,0.0,0.0,0.0,0.0
1969.HK,0.0,0.0,0.1095,0.158
1970.HK,0.372,0.218,0.117,0.0
1971.HK,0.062,0.0,0.0,0.0
1972.HK,0.9199999999999999,0.96,1.01,1.06
1973.HK,0.0,0.0,0.0,0.0
1975.HK,0.055,0.08600000000000001,0.065,0.035
1977.HK,0.1102,0.1152,0.13019999999999998,0.033800000000000004
1978.HK,0.1556,0.0605,0.1252,0.0406
1979.HK,0.112,0.084,0.061,0.148
1980.HK,0.0,0.28,0.01,0.02
1981.HK,0.14,0.09,0.03,0.06
1982.HK,0.054000000000000006,0.066,0.101,0.133
1983.HK,0.0,0.0,0.087212,0.098833
1985.HK,0.14,0.105,0.125,0.0
1986.HK,0.047,0.123,0.099,0.069
1987.HK,0.0,0.0,0.0,0.0
1988.HK,0.258837,0.249546,0.235779,0.236751
1991.HK,0.0,0.0,0.0,0.0
1993.HK,0.0,0.0,0.0,0.0
1995.HK,0.0838,0.20389999999999997,0.0492,0.125
1996.HK,0.145,0.0,0.0,0.0
1997.HK,1.3599999999999999,1.3399999999999999,1.28,1.25
1999.HK,0.29000000000000004,0.32,0.25,0.3
2000.HK,0.0,0.0,0.0,0.04
2001.HK,0.050438,0.101798,0.079682,0.082177
2002.HK,0.0,0.095,0.0,0.0
2003.HK,0.2,0.25,0.15,0.1
2005.HK,0.1,0.13,0.23,0.18
2007.HK,0.5566,0.1189,0.0,0.0
2008.HK,0.0,0.0,0.0,0.0
2009.HK,0.0722,0.1234,0.076,0.0275
2011.HK,0.0,0.0,0.0,0.0
2012.HK,0.0,0.0,0.0,0.0
2013.HK,0.0,0.0,0.0,0.0
2015.HK,0.0,0.0,0.0,0.0
2016.HK,0.381116,0.0,0.47073200000000004,0.180245
2017.HK,0.0,0.0,0.0,0.0
2018.HK,0.4,0.0,0.12,0.1
2019.HK,0.134,0.0,0.0,0.0
2020.HK,1.0699999999999998,1.6,1.54,2.33
2022.HK,0.0,0.0,0.0,0.0
2023.HK,0.0,0.0,0.0,0.0
2025.HK,0.03,0.017,0.015,0.015
2028.HK,0.0,0.0,0.0,0.0
2030.HK,0.138,0.044000000000000004,0.007,0.0163
2031.HK,0.01,0.01,0.01,0.02
2033.HK,0.0,0.043,0.008,0.007
2038.HK,0.0,0.0,0.0,0.0
2039.HK,0.226667,0.8076,0.1953,0.0241
2048.HK,0.063,0.0,0.0,0.0
2051.HK,0.0,0.0,0.0,0.0
2057.HK,1.953625,3.90725,5.78273,7.580065
2060.HK,0.05,0.0,0.0,0.0
2066.HK,0.0,0.0,0.0,0.0
2068.HK,0.0,0.0,0.0,0.0
2076.HK,0.0,0.0,0.703305,0.0
2078.HK,0.0,0.0,0.0,0.0
2080.HK,0.0,0.0,0.0,0.0
2086.HK,0.0,0.0,0.0,0.0
2088.HK,0.0,0.0,0.0,0.0
2096.HK,0.18031,0.1757,0.17576,0.1757
2097.HK,0.0,0.0,0.0,0.0
2098.HK,0.0,0.0,0.0,0.0
2099.HK,0.93773997,1.953625,2.891365,0.0
2100.HK,0.06,0.02,0.015,0.012
2101.HK,0.32,0.176,0.116,0.0
2102.HK,0.035,0.02,0.005,0.015
2105.HK,0.0,0.0,0.0,0.0
2107.HK,0.0397,0.0677,0.03,0.033
2108.HK,0.0,0.0,0.0,0.0
2110.HK,0.1124,0.0,0.0,0.0
2111.HK,0.149,0.1908,0.0952,0.2471
2112.HK,0.0,0.0,0.0,0.0
2113.HK,0.0,0.0,0.0,0.0
2116.HK,0.01,0.01,0.22,0.02
2119.HK,0.07189999999999999,0.05260000000000001,0.0403,0.1885
2120.HK,0.0,0.0,0.10901,0.32956
2121.HK,0.0,0.0,0.0,0.0
2122.HK,0.0,0.0,0.0,0.0
2125.HK,0.0,0.0,0.0,0.0
2126.HK,0.0,0.0,0.0,0.0
2127.HK,0.079,0.0,0.0,0.0
2128.HK,0.5,0.26,0.3,0.2
2129.HK,0.0,0.0,0.0,0.0
2130.HK,0.24,0.25,0.13,0.03
2131.HK,0.0,0.05,0.0,0.0
2132.HK,0.003125,0.0,0.0,0.0
2135.HK,0.0,0.0,0.0,0.0
2136.HK,0.0,0.0,0.0,0.0
2137.HK,0.0,0.0,0.0,0.0
2138.HK,0.363,0.1,0.08900000000000001,0.01
2139.HK,0.0,0.0,0.0,0.0
2142.HK,0.0,0.0,0.0,0.0
2145.HK,0.0,0.0,0.493212,1.6517249999999999
2146.HK,0.18008,0.28391,0.21956,0.0
2147.HK,0.0,0.0,0.0,0.0
2149.HK,0.0,0.0,0.0,0.0
2150.HK,0.0,0.0,0.0,0.0
2152.HK,0.0,0.0,0.194293,0.369381
2153.HK,0.03,0.046,0.0,0.0
2155.HK,0.0,0.0,0.0,0.1
2156.HK,0.0,0.06,0.1,0.1
2157.HK,0.0,0.0,0.0,0.0
2158.HK,0.0,0.0,0.0,0.0
2159.HK,0.0,0.0,0.0,0.0
2160.HK,0.0,0.0,0.0,0.0
2161.HK,0.0,0.005,0.059500000000000004,0.0955
2162.HK,0.0,0.0,0.0,0.0
2163.HK,0.0,0.0,0.0,0.0
2165.HK,0.0,0.0,0.0,0.0
2166.HK,0.08,0.12,0.06,0.07
2167.HK,0.0,0.0,0.0,0.0
2168.HK,0.69,0.0,0.0,0.0
2169.HK,0.012075,0.0095,0.007605,0.006576
2170.HK,0.0,0.0,0.0,0.0
2171.HK,0.0,0.0,0.0,0.0
2172.HK,0.0,0.0,0.0,0.19
2175.HK,0.0,0.0,0.0,0.0
2176.HK,0.018569,0.12955899999999998,0.06929099999999999,0.083901
2177.HK,0.0,0.3,0.12,0.25
2178.HK,0.0,0.0,0.0,0.0
2179.HK,0.0,0.0,0.0,0.0
2180.HK,0.32,1.9700000000000002,0.12,0.31
2181.HK,0.0,0.0,0.0,0.0
2182.HK,0.015,0.02,0.02,0.015
2185.HK,0.0,0.0,0.0,0.0
2186.HK,0.0,0.0,0.0,0.0
2187.HK,0.0,0.0,0.0,0.0
2188.HK,0.0,0.0,0.0,0.0
2189.HK,0.04,0.047,0.032,0.02
2190.HK,0.0,0.0,0.0,0.0
2192.HK,0.0,0.0209,0.1912,0.2695
2193.HK,0.03,0.035,0.035,0.0
2195.HK,0.0,0.0,0.0,0.0
2196.HK,1.08373197,0.66,0.46,0.3
2197.HK,0.0,0.0,0.0,0.0
2198.HK,0.425,0.06,0.0,0.0
2199.HK,0.101,0.157,0.053000000000000005,0.047
2202.HK,1.499916,1.142428,0.738608,0.0
2203.HK,0.0,0.0,0.0,0.0
2205.HK,0.0,0.035,0.1964284,0.058
2208.HK,0.30014,0.29245,0.261632,0.10967
2209.HK,0.05,0.05,0.0,0.05
2210.HK,0.0,0.1856,0.2465,0.2325
2211.HK,0.0,0.0,0.0,0.0
2212.HK,0.0,0.0,0.0,0.0
2215.HK,0.0,0.059,0.0,0.0
2216.HK,0.0,0.0,0.0,0.0
2217.HK,0.0,0.114,0.135,0.0725
2218.HK,0.0603,0.059,0.11104,0.24237
2219.HK,0.0,0.1043,0.1738,0.20740000000000003
2221.HK,0.0,0.0,0.0,0.0
2222.HK,0.0,0.0,0.0,0.0
2223.HK,0.25,0.0,0.0,0.0
2225.HK,0.0,0.0,0.0,0.0
2226.HK,0.0,0.0,0.0,0.0
2227.HK,0.0,0.0,0.0,0.0
2228.HK,0.0,0.0,0.0,0.0
2230.HK,0.007,0.0105,0.0131,0.0111
2231.HK,0.1252,0.0114,0.0,0.0
2232.HK,0.09,0.14800000000000002,0.16799999999999998,0.268
2233.HK,0.041,0.1,0.07437,0.0253
2235.HK,0.0,0.0,0.0,0.0
2236.HK,0.0,0.0,0.0,0.0
2237.HK,0.0,0.0,0.016,0.0
2238.HK,0.239959,0.266092,0.257387,0.14275300000000002
2239.HK,0.01,0.01,0.01,0.01
2245.HK,0.0,0.0,0.3357,0.22
2246.HK,0.0,0.0,0.0,0.0
2250.HK,0.0,0.048,0.0201,0.005
2251.HK,0.0,0.0,0.0,0.0
2252.HK,0.0,0.0,0.0,0.0
2255.HK,0.0,0.0,0.0,0.0
2256.HK,0.0,0.0,0.0,0.0
2257.HK,0.0,0.0,0.0,0.0
2258.HK,0.008,0.016,0.0,0.0102
2260.HK,0.0,0.0,0.04,0.04
2262.HK,0.03,0.05,0.0,0.0
2263.HK,0.0,0.0,0.0,0.0
2265.HK,0.0,0.0189,0.0,0.0
2266.HK,0.0,0.0,0.0,0.0
2268.HK,0.0,0.0,0.0,0.0
2269.HK,0.0,0.0,0.0,0.0
2270.HK,0.0,0.0,0.0551,0.0
2271.HK,0.0,0.0,0.0,0.0269
2273.HK,0.0,0.0,0.41,0.13
2276.HK,0.0,0.0998,0.165,0.352
2279.HK,0.0,0.093,0.0,0.0
2280.HK,0.0,0.0,0.0,0.0
2281.HK,0.073,0.059,0.055,0.055
2282.HK,0.0,0.0,0.0,0.7
2283.HK,0.134,0.11399999999999999,0.11399999999999999,0.11499999999999999
2285.HK,0.0,0.5577,0.56,0.2764
2286.HK,0.0,0.0,0.0,0.0
2288.HK,0.03,0.0,0.0,0.0
2289.HK,0.242078,0.0,0.498866,0.329771
2291.HK,0.0,0.0,0.0,0.625942
2292.HK,0.0,0.0,0.0,0.0
2293.HK,0.1,0.07500000000000001,0.075,0.07500000000000001
2295.HK,0.0,0.0,0.1,0.175
2297.HK,0.0,0.0,0.0,0.0
2298.HK,0.0,0.0,0.0,0.011
2299.HK,0.0,0.0,0.0,0.0
2302.HK,0.0,0.0,0.0,0.0
2306.HK,0.0,0.0,0.0,0.0
2307.HK,0.0,0.013,0.0,0.0
2309.HK,0.0,0.0,0.0,0.0
2310.HK,0.0,0.0,0.0,0.0
2313.HK,2.16,1.63,1.7999999999999998,2.33
2314.HK,0.32999999999999996,0.175,0.058,0.123
2315.HK,0.0,0.0,0.0,0.0
2317.HK,0.056856000000000004,0.012668,0.017881,0.039084
2318.HK,2.727406,2.86551,2.71374,1.64678
2319.HK,0.326,0.4486,0.4433,0.5369
2320.HK,0.0,0.0,0.0,0.0
2321.HK,0.0,0.0,0.023,0.0135
2322.HK,0.0,0.0,0.0,0.0
2323.HK,0.0,0.0,0.0,0.0
2325.HK,0.0,0.088,0.44,0.02
2326.HK,0.0,0.0,0.0,0.0
2327.HK,0.0,0.0,0.016,0.004
2328.HK,0.454273,0.475132,0.524142,0.7628820000000001
2329.HK,0.0,0.0,0.0,0.0
2330.HK,0.0,0.0,0.0,0.0
2331.HK,0.2486,0.5345,0.9018999999999999,0.6155999999999999
2333.HK,0.69939,0.08501,0.32854,0.33011
2336.HK,0.0,0.0,0.0,0.0
2337.HK,0.0534,0.0267,0.0,0.08
2338.HK,0.502,0.3267,0.4184,0.7286
2339.HK,0.0,0.0,0.0,0.0
2340.HK,0.0,0.635854,0.0,0.0
2342.HK,0.0,0.01,0.035,0.0
2343.HK,0.14,0.35,0.155,0.057
2347.HK,0.0,0.0,0.024,0.045
2348.HK,0.065,0.08,0.088,0.08
2349.HK,0.0,0.0,0.0,0.0
2350.HK,0.0,0.0,0.0,0.0
2352.HK,0.0,0.0,0.154392,0.0329
2355.HK,0.0,0.0,0.0,0.0
2356.HK,0.32,0.33999999999999997,0.39999999999999997,0.76
2357.HK,0.060439,0.093959,0.090212,0.096702
2358.HK,0.0,0.0,0.0,0.0
2359.HK,0.364583,0.6163,0.98891,1.087
2360.HK,0.04,0.16,0.19,0.16999999999999998
2361.HK,0.0,0.0,0.0398,0.1683
2362.HK,0.001,0.002,0.002,0.002
2363.HK,0.0,0.0,0.0,0.0
2367.HK,0.0,0.0,0.0,0.49
2368.HK,0.33999999999999997,0.44,0.36,0.3
2369.HK,0.0,0.0,0.0,0.0
2370.HK,0.0,0.0,0.0,0.0
2371.HK,0.0,0.0,0.0,0.0
2372.HK,0.0,0.0,0.0,0.0
2373.HK,0.0,0.0,0.39,0.47
2376.HK,0.0,0.0,0.1167,0.0
2377.HK,0.074,0.074,0.03,0.035
2378.HK,1.20384804,1.4965595999999999,1.620587,1.7183581
2380.HK,0.1556,0.0616,0.1256,0.2002
2381.HK,0.004,0.023,0.015,0.01
2382.HK,1.057,1.118,0.5,0.219
2383.HK,0.0,0.0,0.0,0.0
2385.HK,0.0,0.0,0.0,0.0
2386.HK,0.3120267,0.39690000000000003,0.3631,0.4102
2388.HK,1.242,1.1300000000000001,1.437,1.7149999999999999
2389.HK,0.0,0.0,0.0,0.0
2390.HK,0.0,0.0,0.0,0.0
2391.HK,0.0,0.0,0.0,0.0
2392.HK,0.0,0.0,0.0,0.0
2393.HK,0.0,0.0,0.0,0.0
2399.HK,0.0,0.0,0.0,0.0
2400.HK,0.0,0.0,0.0,0.0
2402.HK,0.0,0.0,0.0,0.0
2405.HK,0.0,0.0,0.0,0.0
2407.HK,0.0,0.0,0.0,1.1
2409.HK,0.0,0.0,0.0,0.15
2410.HK,0.0,0.0,0.0,0.0
2411.HK,0.0,0.0,0.08512,0.0473
2415.HK,0.0,0.0,0.0,0.0
2416.HK,0.0,0.0,0.0,0.0
2418.HK,0.0,0.0,0.04814,0.04477
2419.HK,0.0,0.0,0.0,0.0
2420.HK,0.0,0.0,0.05,0.0
2421.HK,0.0,0.0,0.04,0.02
2422.HK,0.0,0.0,0.0,0.0
2423.HK,0.0,0.0,0.4454094,0.9142614
2425.HK,0.0,0.0,0.0,0.0
2427.HK,0.0,0.0,0.021,0.021
2429.HK,0.0,0.0,0.0,0.0
2431.HK,0.0,0.0,0.0,0.0
2432.HK,0.0,0.0,0.0,0.0
2433.HK,0.0,0.0,0.0,0.0
2436.HK,0.0,0.0,0.0,0.0
2438.HK,0.0,0.0,0.0,0.0
2439.HK,0.0,0.0,0.0,0.0
2440.HK,0.0,0.0,0.0,0.0
2442.HK,0.0,0.0,0.0,0.172
2443.HK,0.0,0.0,0.0,0.0
2448.HK,0.0,0.0,0.0,0.0
2450.HK,0.0,0.0,0.0,0.03085
2451.HK,0.0,0.0,0.0,0.0
2453.HK,0.0,0.0,0.0,0.0
2455.HK,0.0,0.0,0.0,0.13
2457.HK,0.0,0.0,0.03,0.0
2458.HK,0.0,0.0,0.0,0.2068
2459.HK,0.0,0.0,0.0,0.0
2460.HK,0.0,0.0,0.0,0.0
2465.HK,0.0,0.0,0.0,0.0
2469.HK,0.0,0.0,0.0,0.0
2473.HK,0.0,0.0,0.0,0.0
2477.HK,0.0,0.0,0.0,0.0
2479.HK,0.0,0.0,0.0,0.0
2480.HK,0.0,0.0,0.0,0.0
2481.HK,0.0,0.0,0.0,0.1649
2482.HK,0.0,0.0,0.0,0.0
2483.HK,0.0,0.0,0.0,0.05398
2486.HK,0.0,0.0,0.04,0.0
2487.HK,0.0,0.0,0.0,0.0
2488.HK,0.0,0.0,0.3714,0.4828
2489.HK,0.0,0.0,0.0,0.0295
2490.HK,0.0,0.0,0.0,0.1627
2495.HK,0.0,0.0,0.0,0.0
2496.HK,0.0,0.0,0.0,0.0
2497.HK,0.0,0.0,0.0,0.0
2498.HK,0.0,0.0,0.0,0.0
2499.HK,0.0,0.0,0.0,0.0
2500.HK,0.0,0.0,0.0,0.0
2501.HK,0.0,0.0,0.0,0.0
2502.HK,0.0,0.0,0.0,0.021969
2503.HK,0.0,0.0,0.0,0.0
2505.HK,0.0,0.0,0.0,0.035
2506.HK,0.0,0.0,0.0,0.0
2507.HK,0.0,0.0,0.0,0.0
2509.HK,0.0,0.0,0.0,0.0
2510.HK,0.0,0.0,0.0,0.0
2511.HK,0.0,0.0,0.0,0.0
2512.HK,0.0,0.0,0.0,0.0
2515.HK,0.0,0.0,0.0,0.0
2516.HK,0.0,0.0,0.0,0.0
2517.HK,0.0,0.0,0.0,0.0571
2518.HK,0.0,1.035408,3.379728,3.3601920000000005
2519.HK,0.0,0.0,0.0,0.0
2520.HK,0.0,0.0,0.0,0.002946
2521.HK,0.0,0.0,0.0,0.0
2522.HK,0.0,0.0,0.0,0.0
2528.HK,0.0,0.0,0.0,0.0
2529.HK,0.0,0.0,0.0,0.243188
2530.HK,0.0,0.0,0.0,0.0
2531.HK,0.0,0.0,0.0,0.0
2533.HK,0.0,0.0,0.0,0.0
2535.HK,0.0,0.0,0.0,0.0
2536.HK,0.0,0.0,0.0,0.0
2540.HK,0.0,0.0,0.0,0.0
2545.HK,0.0,0.0,0.0,0.0
2549.HK,0.0,0.0,0.0,0.0
2550.HK,0.0,0.0,0.0,0.0
2551.HK,0.0,0.0,0.0,0.0
2552.HK,0.0,0.0,0.0,0.0
2555.HK,0.0,0.0,0.0,0.0
2556.HK,0.0,0.0,0.0,0.0
2558.HK,0.121278,0.117546,0.110237,0.109743
2559.HK,0.0,0.0,0.0,0.0
2560.HK,0.0,0.0,0.0,0.0
2561.HK,0.0,0.0,0.0,0.0
2562.HK,0.0,0.0,0.0,0.0
2563.HK,0.0,0.0,0.0,0.0
2566.HK,0.0,0.0,0.0,0.0
2567.HK,0.0,0.0,0.0,0.0
2569.HK,0.0,0.0,0.0,0.0
2570.HK,0.0,0.0,0.0,0.0
2571.HK,0.0,0.0,0.0,0.0
2576.HK,0.0,0.0,0.0,0.0
2577.HK,0.0,0.0,0.0,0.0
2582.HK,0.0,0.0,0.0,0.0
2585.HK,0.0,0.0,0.0,0.0
2586.HK,0.0,0.0,0.0,0.0
2587.HK,0.0,0.0,0.0,0.0
2588.HK,1.7651,2.0582000000000003,2.2727,3.6719
2589.HK,0.0,0.0,0.0,0.0
2593.HK,0.0,0.0,0.0,0.0
2596.HK,0.0,0.0,0.0,0.0
2598.HK,0.0,0.0,0.0,0.01940539
2600.HK,0.0,0.0372,0.0394,0.0877
2601.HK,0.120877,1.175084,1.13419,1.121439
2602.HK,0.0,0.0,0.61036,1.8234
2607.HK,0.576195,0.492121,0.663798,0.528029
2608.HK,0.0,0.0,0.0,0.0
2610.HK,0.0,0.0,0.0,0.0
2611.HK,0.672318,0.798285,0.588872,0.603727
2613.HK,0.0,0.0,0.0,0.0
2616.HK,0.0,0.0,0.0,0.0
2618.HK,0.0,0.0,0.0,0.0
2623.HK,0.0,0.0,0.0,0.0
2625.HK,0.0,0.0,0.0,0.0
2628.HK,0.76833,0.76162,0.53321,0.68933
2633.HK,0.027,0.0548,0.0488,0.03
2638.HK,0.3203,0.3203,0.3203,0.3203
2660.HK,0.06,0.15,0.21,0.23
2663.HK,0.025,0.015,0.03,0.08
2666.HK,0.31,0.36,0.34,0.35
2668.HK,0.0,0.0,0.0,0.0
2669.HK,0.07200000000000001,0.1,0.135,0.17
2678.HK,0.7,0.95,0.0,0.1
2680.HK,0.0,0.0,0.0,0.0
2682.HK,0.013,0.02,0.018,0.01
2683.HK,0.015,0.045,0.03,0.02
2688.HK,2.69,2.75,2.91,2.96
2689.HK,0.52409,0.11595,0.0,0.0
2696.HK,0.0,0.0,0.0,0.0
2699.HK,0.0,0.0,0.0,0.0
2700.HK,0.0,0.0,0.0,0.0
2708.HK,0.0,0.0,0.0,0.0
2722.HK,0.01204,0.035137,0.032859,0.021967
2727.HK,0.08618,0.0,0.0,0.0
2728.HK,0.0,0.0,0.0,0.0
2738.HK,0.098,0.0,0.0,0.0
2772.HK,0.325,0.0,0.0,0.0
2777.HK,0.8694710000000001,0.0,0.0,0.0
2779.HK,0.0723,0.1078,0.0656,0.0632
2789.HK,0.0,0.0,0.0,0.0
2798.HK,0.0375,0.0375,0.125,0.05
2799.HK,0.0,0.0,0.0,0.0
2858.HK,0.0,0.0,0.013,0.03
2863.HK,0.0,0.0,0.0,0.0
2865.HK,0.0,0.0,0.0,0.0
2866.HK,0.06724,0.26472,0.09463,0.05585999999999999
2869.HK,0.08,0.16,0.1,0.15
2877.HK,0.718,0.383,0.471,0.581
2878.HK,0.008,0.01,0.0,0.0
2880.HK,0.0364,0.03163,0.01911,0.02094
2881.HK,0.0,0.0,0.0,0.5314
2882.HK,0.0,0.0,0.0,0.0
2883.HK,0.206224,0.152591,0.178623,0.230593
2885.HK,0.0135,0.0135,0.0135,0.027
2886.HK,0.158,0.18,0.1,0.076
2888.HK,1.24908364,1.01588893,1.56290597,2.34435895
2892.HK,0.0,0.0,0.0,0.0
2898.HK,0.0,0.0,0.0,0.0
2899.HK,0.145052,0.232599,0.277683,0.329417
2906.HK,0.0,0.0,0.0,0.0
2966.HK,0.0,0.0,0.0,0.0
2969.HK,0.0,0.0,0.0,0.0
2970.HK,0.0,0.0,0.0,0.0
2971.HK,0.0,0.0,0.0,0.0
2972.HK,0.0,0.0,0.0,0.0
2979.HK,0.0,0.0,0.0,0.0
3300.HK,0.05,0.05,0.018,0.0
3301.HK,0.5,0.0,0.0,0.0
3302.HK,0.0073,0.0296,0.0087,0.0
3303.HK,0.37,0.0,0.0,0.03
3306.HK,1.5,0.96,0.97,1.32
3309.HK,0.02,0.0,0.0,0.0
3311.HK,0.39,0.44499999999999995,0.515,0.615
3313.HK,0.0,0.0,0.0,0.0
3315.HK,0.065,0.04,0.12,0.04
3316.HK,0.943,0.473,1.001,1.8079999999999998
3318.HK,0.0,0.0,0.0,0.0
3319.HK,0.229235,0.478523,0.027469,0.065894
3320.HK,0.12,0.15,0.16,0.2605
3321.HK,0.0,0.0,0.0,0.0
3322.HK,0.0,0.0,0.0,0.0
3323.HK,0.566469,0.8142,0.4301,0.2524
3326.HK,0.02,0.02,0.02,0.02
3328.HK,0.380528,0.416053,0.407589,0.411147
3329.HK,0.16,0.05,0.0,0.0
3330.HK,0.0,0.0,0.0,0.071406
3332.HK,0.0,0.0,0.0,0.0
3333.HK,0.182,0.0,0.0,0.0
3336.HK,0.1,0.08,0.05,0.0
3337.HK,0.0,0.0,0.0,0.014273
3339.HK,0.33,0.22,0.1,0.08
3347.HK,0.361881,0.579615,0.61556,0.62365
3348.HK,0.09474,0.08,0.084,0.0945
3360.HK,0.36,0.42,0.49,0.75
3363.HK,0.03525,0.109197,0.016,0.011
3366.HK,0.0,0.0,0.0,0.0
3368.HK,0.0,0.0,0.0109,0.02191
3369.HK,0.076932,0.065631,0.077227,0.091028
3377.HK,0.145,0.032,0.0,0.0
3380.HK,1.0699999999999998,0.0,0.0,0.0
3382.HK,0.0413,0.0599,0.0224,0.0473
3383.HK,1.1,0.0,0.0,0.0
3389.HK,0.0,0.0,0.0,0.0
3390.HK,0.02,0.0,0.065,0.035
3393.HK,0.2,0.2,0.23,0.28
3395.HK,0.0,0.0,0.0,0.0
3396.HK,0.436575,0.4687,0.2174,0.0
3398.HK,0.0,0.0,0.0,0.0
3399.HK,0.0,0.0,0.0,0.088
3600.HK,0.12000000000000001,0.08099999999999999,0.104,0.16999999999999998
3601.HK,0.0,0.0,0.0,0.0
3603.HK,0.0,0.0,0.0,0.0
3606.HK,0.909673,1.207855,1.423223,1.433363
3613.HK,0.24,0.53,0.33,0.33
3616.HK,0.06,0.06,0.0,0.0
3618.HK,0.268707,0.296561,0.301784,0.31684
3623.HK,0.0,0.0,0.0,0.0
3626.HK,0.0,0.0,0.0,0.0
3628.HK,0.0,0.0,0.0,0.0
3633.HK,0.1,0.11,0.0,0.0
3638.HK,0.0,0.0,0.0,0.0
3639.HK,0.0,0.0,0.0,0.0
3650.HK,0.0,0.0,0.0,0.0
3658.HK,0.0,0.08293,0.2047,0.19017
3660.HK,0.0,1.25032,2.578785,4.6105548
3662.HK,0.166,0.0,0.0,0.0
3666.HK,0.0,0.0,0.0,0.0
3668.HK,0.0,3.6625915,8.89848,1.6281524
3669.HK,0.34693,0.56389,0.43677,0.12181
3677.HK,0.0,0.0,0.0,0.0
3678.HK,0.060261,0.03318,0.0,0.00438
3680.HK,0.0,0.0,0.0,0.0
3681.HK,0.0,0.0,0.0,0.0
3683.HK,0.0,0.0,0.0,0.0
3686.HK,0.027,0.022,0.025,0.375
3688.HK,0.07,0.01,0.01,0.0
3689.HK,0.0,0.0,0.0,0.0
3690.HK,0.0,0.0,0.0,0.0
3692.HK,0.1542,0.14,0.1207,0.3432
3698.HK,0.0,0.104283,0.140202,0.160001
3699.HK,0.051199999999999996,0.0122,0.033299999999999996,0.0151
3700.HK,0.0,0.0,0.0,0.0412
3708.HK,0.0,0.0,0.0,0.0
3709.HK,0.38,0.48,0.4,0.7
3718.HK,0.0,0.04,0.022,0.027
3728.HK,0.003,0.0,0.0,0.0
3737.HK,0.0,0.0,0.09,0.03
3738.HK,0.0,0.0,0.0,0.0
3759.HK,0.161169,0.352185,0.328592,0.21989
3768.HK,0.206218,0.117159,0.0,0.0
3773.HK,0.0,0.0,0.0,0.0
3778.HK,0.035,0.05,0.0,0.0
3788.HK,0.14,0.13999999999999999,0.02,0.04
3789.HK,0.0,0.0,0.0,0.0
3798.HK,0.0,0.08,0.14,0.1
3800.HK,0.0,0.0,0.06,0.0
3808.HK,1.04,0.68,0.33,1.783
3813.HK,0.0,0.016,0.0185,0.032
3816.HK,0.0,0.0,0.0,0.008
3818.HK,0.018505,0.0127,0.013000000000000001,0.0132
3822.HK,0.0,0.0,0.0,0.0
3828.HK,0.015,0.01,0.05,0.08
3830.HK,0.0,0.0,0.0,0.0
3833.HK,0.0,0.0,0.16629,0.05493
3836.HK,0.079,0.21,0.066,0.037
3838.HK,0.009,0.0069,0.0069,0.0069
3839.HK,0.0,0.0,0.0,0.0
3848.HK,0.0,0.03,0.03,0.03
3860.HK,0.0,0.0,0.0,0.0
3866.HK,0.211013,0.189006,0.177252,0.175811
3868.HK,0.158869,0.176855,0.108,0.049
3869.HK,0.0,0.0,0.0,0.0
3877.HK,0.09,0.09,0.1,0.12
3878.HK,0.0,0.0,0.0,0.0
3882.HK,0.0,0.0,0.0,0.0
3883.HK,0.131,0.0,0.0,0.0
3886.HK,0.0,0.0015,0.0012,0.0012
3888.HK,0.2,0.12,0.13,0.14
3889.HK,0.0,0.0,0.0,0.0
3893.HK,0.0,0.0,0.0,0.0
3896.HK,0.0,0.0,0.0,0.0
3898.HK,0.54731,0.52521,0.601,0.855
3899.HK,0.14,0.21,0.24,0.3
3900.HK,0.379435,0.537,0.548,0.472
3903.HK,0.03601,0.0,0.0,0.0
3908.HK,0.217,0.351,0.195631,0.295404
3913.HK,0.073,0.14,0.0,0.0
3918.HK,0.1457,0.0,0.058608748,0.0
3919.HK,0.0,0.0,0.0,0.0
3928.HK,0.0,0.0,0.0,0.0
3931.HK,0.0,0.0,0.0,0.0
3933.HK,0.144903,0.080086,0.28395899999999996,0.30800700000000003
3938.HK,0.0,0.0,0.025,0.0
3939.HK,0.0356,0.1161,0.1065,0.32
3958.HK,0.301305,0.292929,0.170225,0.24755
3963.HK,0.0,0.0,0.0,0.0
3968.HK,1.504382,1.783454,1.890363,2.162044
3969.HK,0.242769,0.199676,0.187198,0.186663
3978.HK,0.055,0.0,0.0,0.035
3983.HK,0.0966,0.1815,0.1988,0.2273
3988.HK,0.237643,0.258911,0.251902,0.25907
3989.HK,0.0,0.0,0.01,0.0
3990.HK,1.6,1.6,0.8,0.36
3991.HK,0.05,0.05,0.05,0.05
3993.HK,0.039808,0.08382,0.09383,0.16957
3996.HK,0.027316,0.026361,0.028585,0.0285
3997.HK,0.05,0.02,0.0,0.02
3998.HK,0.14500000000000002,0.18,0.185,0.26
3999.HK,0.0,0.0,0.0,0.0
6030.HK,0.469611,0.63287,0.534443,0.52065
6033.HK,0.27,0.09,0.03,0.07
6036.HK,0.0,0.0,0.0,0.0
6038.HK,0.0165,0.011,0.033,0.06
6049.HK,0.51977,0.3586,0.56795,1.09574
6055.HK,0.04,0.17,0.2,0.47
6058.HK,0.0,0.0,0.0,0.0
6060.HK,0.0,0.0,0.0,0.0
6063.HK,0.01,0.0,0.0,0.0
6066.HK,0.450153,0.463,0.293,0.372
6068.HK,0.274,0.0,0.0,0.055
6069.HK,0.063,0.075,0.075,0.269
6078.HK,0.144068,0.0,0.163598,0.0
6080.HK,0.0,0.0,0.0,0.0
6083.HK,0.03,0.06,0.03,0.05
6086.HK,0.0,0.0,0.0,0.0
6088.HK,0.0,0.0,0.0,0.0
6093.HK,0.0,0.0,0.0,0.0
6098.HK,0.2658,0.3521,0.2517,0.2994
6099.HK,0.532,0.633,0.402,0.387
6100.HK,0.0,0.0,0.0,0.0
6108.HK,0.0,0.0,0.0,0.0
6110.HK,0.2998,0.40359999999999996,0.3338,0.2039
6113.HK,0.1,0.1,0.115,0.08
6117.HK,0.0,0.0279,0.0271,0.02635
6118.HK,0.0,0.0,0.0,0.0
6119.HK,0.0368594,0.04302,0.0457,0.0
6122.HK,0.157193,0.0,0.0,0.0
6123.HK,0.061,0.065,0.033,0.023
6127.HK,0.153061,0.3,0.44,0.18
6128.HK,0.0,0.0,0.0,0.0
6133.HK,0.0,0.0,0.0,0.0
6136.HK,0.0,0.0,0.0,0.0
6138.HK,0.0,0.0,0.0,0.0
6158.HK,0.15,0.0,0.0,0.0
6160.HK,0.0,0.0,0.0,0.0
6162.HK,0.006,0.0,0.0,0.0
6163.HK,0.04,0.015,0.0,0.0
6169.HK,0.215,0.0,0.0,0.0
6178.HK,0.190587,0.267229,0.228076,0.405651
6181.HK,0.0,0.0,0.0,0.0
6182.HK,0.0175,0.005,0.0,0.0
6185.HK,0.0,0.937273,0.0,0.0
6186.HK,0.45589999999999997,0.4597,0.44189999999999996,0.3116
6188.HK,0.0,0.0,0.0,0.0
6189.HK,0.0,0.0,0.0,0.0
6190.HK,0.120057,0.117172,0.108684,0.065754
6193.HK,0.025,0.0,0.0,0.0
6196.HK,0.0,0.0,0.0,0.0
6198.HK,0.31473,0.30041,0.297438,0.321794
6199.HK,0.084803,0.07019,0.067132,0.054781
6601.HK,0.0524,0.0872,0.0698,0.1293
6606.HK,0.0,0.0,0.0,0.0
6608.HK,0.0,0.0,0.0,0.0
6609.HK,0.0,0.0,0.0,0.0
6610.HK,0.0,0.0,0.0,0.0
6611.HK,0.0,0.0,0.0,0.0
6616.HK,0.0,0.035,0.0,0.0
6618.HK,0.0,0.0,0.0,0.0
6622.HK,0.0,0.0,0.0,0.0
6623.HK,0.0,0.0,0.6095154,9.455303
6626.HK,0.0,0.102,0.198,0.187
6628.HK,0.0,0.0,0.0,0.0
6633.HK,0.0,0.152,0.0,0.0
6638.HK,0.0,0.0,0.0,0.0
6639.HK,0.0,0.0,0.0,0.0
6655.HK,0.0,1.175599,0.567663,0.581957
6657.HK,0.0,0.0,0.0,0.0
6660.HK,0.0,0.0,0.0,0.0
6661.HK,0.0,0.0,0.33105,0.32983
6663.HK,0.0325,0.054,0.03,0.012
6666.HK,0.0,0.0,0.0,0.0
6667.HK,0.0,0.0,0.0,0.0
6668.HK,0.06,0.135,0.07,0.178
6669.HK,0.0,0.0,0.0,0.0
6676.HK,0.0,0.0,0.0,0.0
6677.HK,0.066,0.27,0.141,0.0296
6680.HK,0.0,0.18113,0.28478,0.285856
6681.HK,0.0,0.0,0.0,0.0
6682.HK,0.0,0.0,0.0,0.0
6683.HK,0.0,0.0,0.0,0.0
6686.HK,0.0,0.0,0.6,1.65
6689.HK,0.0,0.0,0.0,0.0
6690.HK,0.439955,0.540702,0.619854,0.879613
6693.HK,0.0,0.0,0.0,0.0
6696.HK,0.0,0.0,0.0,0.0
6698.HK,0.0,0.0,0.0,0.0
6699.HK,0.0,1.22,0.68,1.1
6805.HK,0.0,0.0,0.05,0.1
6806.HK,0.120877,0.117505,0.032885,0.079952
6808.HK,0.13,0.045,0.045,0.19
6811.HK,0.0892,0.07450000000000001,0.059000000000000004,0.060000000000000005
6812.HK,0.059,0.01473,0.0165,0.00727
6816.HK,0.0,0.0,0.0,0.0
6818.HK,0.252106,0.233006,0.207937,0.189606
6820.HK,0.12,0.12,0.06,0.0
6821.HK,0.0,0.671457,1.983188,1.976697
6822.HK,0.11499999999999999,0.06,0.03,0.02
6823.HK,0.7167,0.7343,0.752,0.7736000000000001
6826.HK,0.432857,0.585714,0.315,1.5369000000000002
6828.HK,0.0,0.0,0.0,0.0
6829.HK,0.0,0.0,0.0,0.0
6830.HK,0.007262,0.005276,0.008389,0.002717
6831.HK,0.0,0.0,0.0,0.0
6833.HK,0.0,0.0,0.0098,0.0039
6838.HK,0.030000000000000002,0.06999999999999999,0.065,0.025
6839.HK,0.07,0.0,0.0,0.0
6855.HK,0.0,0.0,0.0,0.0
6858.HK,0.19381701,0.19470500000000002,0.16188000000000002,0.080284
6860.HK,0.0,0.0,0.0,0.0
6862.HK,0.021,0.0,0.116,1.2149999999999999
6865.HK,0.18,0.2539,0.2594,0.4173
6866.HK,0.0,0.0586,0.0435,0.0219
6868.HK,0.28,0.27,0.18,0.15
6869.HK,0.262,0.329,0.502,0.564
6877.HK,0.0,0.0,0.0,0.0
6878.HK,0.05,0.05,0.0,0.0
6881.HK,0.264089,0.363192,0.475202,0.331989
6882.HK,0.0,0.0,0.07,0.0
6885.HK,0.361774,0.29028,0.11051,0.0
6886.HK,0.483152,0.526416,0.489077,0.636186
6888.HK,0.0,0.0,0.0,0.0
6889.HK,0.30579999999999996,0.2984,0.27280000000000004,0.2511
6890.HK,0.038,0.05,0.0,0.0
6893.HK,0.0,0.0,0.0,0.0
6896.HK,0.06,0.18,0.36,0.6
6898.HK,0.008,0.006,0.006699999999999999,0.0068000000000000005
6899.HK,0.0,0.0,0.0,0.0
6900.HK,0.024,0.0,0.0,0.0
6908.HK,0.0,0.0,0.0,0.0
6909.HK,0.0,0.0,0.0326,0.066
6911.HK,0.0,0.0,0.0,0.4068
6913.HK,0.0,0.056,0.0,0.07
6918.HK,0.018,0.0,0.0,0.0
6919.HK,0.42,0.24,0.0,0.09
6922.HK,0.0,0.0,0.0,0.0
6928.HK,0.0,0.0,0.0,0.0
6929.HK,0.0,0.0,0.0,0.1
6933.HK,0.0,0.0,0.0,0.0
6936.HK,0.0,0.0,0.0,0.0
6939.HK,0.0133,0.0296,0.0382,0.01967
6955.HK,0.0,0.0,0.0,0.0
6958.HK,0.08,0.0,0.0,0.0
6959.HK,0.0,0.0,0.0,0.43
6963.HK,0.0,0.0,0.199824,0.1978
6966.HK,0.0,0.0,0.0,0.01
6968.HK,0.21,0.0,0.0,0.0
6969.HK,0.48,0.28,0.13,0.1
6978.HK,0.0,0.0,0.0,0.0
6979.HK,0.0,0.0,0.0,0.18
6988.HK,0.0,0.0,0.0,0.0
6989.HK,0.2813,0.3198,0.1827,0.14479999999999998
6990.HK,0.0,0.0,0.0,0.0
6993.HK,0.069,0.138,0.168,0.1
6996.HK,0.0,0.0,0.0,0.0
6998.HK,0.0,0.0,0.0,0.0
6999.HK,0.0,0.0,0.0,0.0
7827.HK,0.0,0.0,0.0,0.3
7855.HK,0.0,0.0,0.0,0.0
9600.HK,0.0,0.0,0.04,0.0
9606.HK,0.0,0.0,0.0,0.0
9608.HK,0.0,0.0,0.0,0.0
9616.HK,0.027,0.141,0.165,0.366
9618.HK,0.0,4.92282,2.4223402,2.96932
9626.HK,0.0,0.0,0.0,0.0
9633.HK,0.20435,0.52969,0.77,0.82
9636.HK,0.0,0.0,0.5,0.22
9638.HK,0.0,0.164469,0.492656,0.848492
9639.HK,0.0,0.0,0.0,0.0
9658.HK,0.0,0.0,0.0,0.0
9660.HK,0.0,0.0,0.0,0.0
9663.HK,0.0,0.0,0.0,0.0
9666.HK,0.603251,0.764116,0.0,0.0
9668.HK,0.102671,0.18762299999999998,0.0,0.0
9669.HK,0.0,0.0,0.0,0.0
9676.HK,0.0,0.0,0.0,0.034
9677.HK,0.121365,0.117378,0.0,0.110187
9680.HK,0.0,0.0,0.0,0.0
9686.HK,0.0,0.0,0.0,0.0
9688.HK,0.0,0.0,0.0,0.0
9689.HK,0.0,0.0,0.0,0.0
9690.HK,0.0,0.0,0.0,0.0
9696.HK,0.0,0.0,3.292571,1.48238
9698.HK,0.0,0.0,0.0,0.0
9699.HK,0.0,0.0,0.0,0.0
9857.HK,0.0,0.0,0.0,0.239038
9858.HK,0.0,0.0,0.024723,0.0
9860.HK,0.0,0.0,0.0,0.0
9863.HK,0.0,0.0,0.0,0.0
9866.HK,0.0,0.0,0.0,0.0
9868.HK,0.0,0.0,0.0,0.0
9869.HK,0.0,0.0,0.1267,0.51866
9877.HK,0.0,0.0,0.0,0.0
9878.HK,0.0,0.0,0.0,0.0
9879.HK,0.0,0.0,0.0,0.067
9880.HK,0.0,0.0,0.0,0.0
9882.HK,0.01,0.02,0.04,0.04
9885.HK,0.0,0.0,0.0,0.0
9886.HK,0.0,0.0,0.0,0.0
9888.HK,0.0,0.0,0.0,0.0
9889.HK,0.0,0.33766,0.32247,0.29111
9890.HK,0.0,0.0,0.0,0.0
9893.HK,0.02,0.01,0.01,0.01
9896.HK,0.0,0.33601794,0.80488014,1.10260756
9898.HK,0.0,0.0,6.642215,6.4077835
9899.HK,0.0,0.0,0.0,0.0
9900.HK,0.0,0.0,0.0,0.135
9901.HK,0.0,0.0,0.0,0.4688622
9906.HK,0.0,0.0,0.0,0.0
9908.HK,0.449174,0.17646,0.43879999999999997,0.6585
9909.HK,0.32999999999999996,0.44999999999999996,0.3,0.0
9911.HK,0.0,0.0,0.0,0.0
9913.HK,0.0,0.0,0.0,0.0
9916.HK,0.0,0.05,0.0,0.0
9918.HK,0.1,0.05,0.05,0.0
9919.HK,0.0693,0.13999999999999999,0.20759999999999998,0.06420000000000001
9922.HK,0.02,0.06,0.01,0.15
9923.HK,0.0,0.0,0.0,0.0
9926.HK,0.0,0.0,0.0,0.0
9928.HK,0.0855,0.055,0.024,0.026
9929.HK,0.0,0.0,0.0,0.0
9930.HK,0.0,0.0,0.0,0.05
9933.HK,0.0,0.0,0.0,0.0
9936.HK,0.0,0.0,0.0,0.0
9938.HK,0.0,0.0,0.0,0.0
9939.HK,0.0,0.0,0.0,0.0
9955.HK,0.0,0.0,0.0,0.0
9956.HK,0.0,0.0,0.0,0.0
9958.HK,0.0,0.0,0.0,0.0
9959.HK,0.0,0.0,0.25,0.1
9960.HK,0.0,0.0,0.0,0.0284
9961.HK,0.0,0.0,0.0,0.0
9963.HK,0.0,0.0,0.0,0.0
9966.HK,0.0,0.0,0.0,0.0
9968.HK,0.0495,0.0248,0.0,0.0
9969.HK,0.0,0.0,0.0,0.0
9977.HK,0.0356,0.0,0.0,0.0
9978.HK,0.01,0.0,0.0,0.0
9979.HK,0.2,0.234363,0.334117,0.439307
9982.HK,0.086,0.15710000000000002,0.0644,0.0
9983.HK,0.32499999999999996,0.548,0.2781,0.3469
9985.HK,0.0,0.0,0.261,0.1208
9986.HK,0.0,0.0,0.0,0.0
9987.HK,3.750864,3.750864,4.063436,5.001152
9988.HK,0.0,0.0,0.9767875,0.9767875
9989.HK,0.18,0.04109,0.11215,0.0
9990.HK,0.074,0.0,0.0,0.0
9991.HK,0.0,0.0,0.0,0.0
9992.HK,0.1824,0.17941,0.09777,0.3095
9993.HK,0.32,0.16,0.0,0.0
9995.HK,0.0,0.0,0.0,0.0
9996.HK,0.0,0.0,0.0,0.0
9997.HK,0.044,0.1723,0.2048,1.5386
9998.HK,0.0,0.0,0.0,0.0
9999.HK,1.2893595,2.37867294,2.74281932,3.8209583
